Seq_ID,Pattern_ID,Sequence,ML_Score,BLAST_Score,Total_Score,Prediction
seq1,Pattern_1,DLDMAYIYS,0.39,0.5,0.89,IL-5 inducer
seq1,Pattern_2,LDMAYIYSQ,0.39,0.5,0.89,IL-5 inducer
seq1,Pattern_3,DMAYIYSQH,0.44,0.5,0.94,IL-5 inducer
seq1,Pattern_4,MAYIYSQHY,0.59,0.5,1.09,IL-5 inducer
seq1,Pattern_5,AYIYSQHYH,0.64,0.5,1.14,IL-5 inducer
seq1,Pattern_6,YIYSQHYHR,0.63,0.5,1.13,IL-5 inducer
seq1,Pattern_7,IYSQHYHRH,0.66,0.5,1.16,IL-5 inducer
seq2,Pattern_1,VTKIFNRFD,0.34,0.5,0.84,IL-5 inducer
seq2,Pattern_2,TKIFNRFDT,0.43,0.5,0.93,IL-5 inducer
seq2,Pattern_3,KIFNRFDTN,0.46,0.5,0.96,IL-5 inducer
seq2,Pattern_4,IFNRFDTNG,0.45,0.5,0.95,IL-5 inducer
seq2,Pattern_5,FNRFDTNGD,0.45,0.5,0.95,IL-5 inducer
seq2,Pattern_6,NRFDTNGDG,0.37,0.0,0.37,IL-5 inducer
seq2,Pattern_7,RFDTNGDGQ,0.33,0.5,0.83,IL-5 inducer
seq2,Pattern_8,FDTNGDGQI,0.3,0.5,0.8,IL-5 inducer
seq3,Pattern_1,AFEPFGYLL,0.45,0.5,0.95,IL-5 inducer
seq3,Pattern_2,FEPFGYLLT,0.43,0.5,0.93,IL-5 inducer
seq3,Pattern_3,EPFGYLLTA,0.43,0.5,0.93,IL-5 inducer
seq3,Pattern_4,PFGYLLTAA,0.38,0.5,0.88,IL-5 inducer
seq3,Pattern_5,FGYLLTAAV,0.28,0.0,0.28,IL-5 inducer
seq3,Pattern_6,GYLLTAAVS,0.24,0.0,0.24,IL-5 inducer
seq3,Pattern_7,YLLTAAVSP,0.25,0.0,0.25,IL-5 inducer
seq4,Pattern_1,TIQKRGAAV,0.13,0.0,0.13,Non-IL-5 Inducer
seq4,Pattern_2,IQKRGAAVI,0.16,0.0,0.16,Non-IL-5 Inducer
seq4,Pattern_3,QKRGAAVIS,0.2,0.0,0.2,Non-IL-5 Inducer
seq4,Pattern_4,KRGAAVISA,0.19,0.0,0.19,Non-IL-5 Inducer
seq4,Pattern_5,RGAAVISAR,0.19,0.0,0.19,Non-IL-5 Inducer
seq4,Pattern_6,GAAVISARK,0.19,0.0,0.19,Non-IL-5 Inducer
seq4,Pattern_7,AAVISARKL,0.22,0.0,0.22,IL-5 inducer
seq5,Pattern_1,AKLENIKTT,0.23,0.0,0.23,IL-5 inducer
seq5,Pattern_2,KLENIKTTI,0.23,0.0,0.23,IL-5 inducer
seq5,Pattern_3,LENIKTTIQ,0.2,-0.5,-0.3,Non-IL-5 Inducer
seq5,Pattern_4,ENIKTTIQS,0.19,0.0,0.19,Non-IL-5 Inducer
seq5,Pattern_5,NIKTTIQSA,0.18,0.0,0.18,Non-IL-5 Inducer
seq5,Pattern_6,IKTTIQSAS,0.17,0.0,0.17,Non-IL-5 Inducer
seq5,Pattern_7,KTTIQSASL,0.17,0.0,0.17,Non-IL-5 Inducer
