Seq_ID,Mutant_ID,Sequence,ML_Score,BLAST_Score,Total_Score,Prediction
seq1,Original,DLDMAYIYSQHYHRH,0.71,0.5,1.21,IL-5 inducer
seq1,Mutant_D1A,ALDMAYIYSQHYHRH,0.55,0.5,1.05,IL-5 inducer
seq1,Mutant_D1C,CLDMAYIYSQHYHRH,0.64,0.5,1.14,IL-5 inducer
seq1,Mutant_D1E,ELDMAYIYSQHYHRH,0.56,0.5,1.06,IL-5 inducer
seq1,Mutant_D1F,FLDMAYIYSQHYHRH,0.63,0.5,1.13,IL-5 inducer
seq1,Mutant_D1G,GLDMAYIYSQHYHRH,0.61,0.5,1.11,IL-5 inducer
seq1,Mutant_D1H,HLDMAYIYSQHYHRH,0.63,0.5,1.13,IL-5 inducer
seq1,Mutant_D1I,ILDMAYIYSQHYHRH,0.64,0.5,1.14,IL-5 inducer
seq1,Mutant_D1K,KLDMAYIYSQHYHRH,0.62,0.5,1.12,IL-5 inducer
seq1,Mutant_D1L,LLDMAYIYSQHYHRH,0.54,0.5,1.04,IL-5 inducer
seq1,Mutant_D1M,MLDMAYIYSQHYHRH,0.62,0.5,1.12,IL-5 inducer
seq1,Mutant_D1N,NLDMAYIYSQHYHRH,0.64,0.5,1.14,IL-5 inducer
seq1,Mutant_D1P,PLDMAYIYSQHYHRH,0.62,0.5,1.12,IL-5 inducer
seq1,Mutant_D1Q,QLDMAYIYSQHYHRH,0.57,0.5,1.07,IL-5 inducer
seq1,Mutant_D1R,RLDMAYIYSQHYHRH,0.65,0.5,1.15,IL-5 inducer
seq1,Mutant_D1S,SLDMAYIYSQHYHRH,0.63,0.5,1.13,IL-5 inducer
seq1,Mutant_D1T,TLDMAYIYSQHYHRH,0.62,0.5,1.12,IL-5 inducer
seq1,Mutant_D1V,VLDMAYIYSQHYHRH,0.61,0.5,1.11,IL-5 inducer
seq1,Mutant_D1W,WLDMAYIYSQHYHRH,0.64,0.5,1.14,IL-5 inducer
seq1,Mutant_D1Y,YLDMAYIYSQHYHRH,0.62,0.5,1.12,IL-5 inducer
seq1,Mutant_L2A,DADMAYIYSQHYHRH,0.46,0.5,0.96,IL-5 inducer
seq1,Mutant_L2C,DCDMAYIYSQHYHRH,0.57,0.5,1.07,IL-5 inducer
seq1,Mutant_L2D,DDDMAYIYSQHYHRH,0.6,0.5,1.1,IL-5 inducer
seq1,Mutant_L2E,DEDMAYIYSQHYHRH,0.48,0.5,0.98,IL-5 inducer
seq1,Mutant_L2F,DFDMAYIYSQHYHRH,0.59,0.5,1.09,IL-5 inducer
seq1,Mutant_L2G,DGDMAYIYSQHYHRH,0.59,0.5,1.09,IL-5 inducer
seq1,Mutant_L2H,DHDMAYIYSQHYHRH,0.59,0.5,1.09,IL-5 inducer
seq1,Mutant_L2I,DIDMAYIYSQHYHRH,0.57,0.5,1.07,IL-5 inducer
seq1,Mutant_L2K,DKDMAYIYSQHYHRH,0.38,0.5,0.88,IL-5 inducer
seq1,Mutant_L2M,DMDMAYIYSQHYHRH,0.62,0.5,1.12,IL-5 inducer
seq1,Mutant_L2N,DNDMAYIYSQHYHRH,0.58,0.5,1.08,IL-5 inducer
seq1,Mutant_L2P,DPDMAYIYSQHYHRH,0.58,0.5,1.08,IL-5 inducer
seq1,Mutant_L2Q,DQDMAYIYSQHYHRH,0.54,0.5,1.04,IL-5 inducer
seq1,Mutant_L2R,DRDMAYIYSQHYHRH,0.53,0.5,1.03,IL-5 inducer
seq1,Mutant_L2S,DSDMAYIYSQHYHRH,0.52,0.5,1.02,IL-5 inducer
seq1,Mutant_L2T,DTDMAYIYSQHYHRH,0.48,0.5,0.98,IL-5 inducer
seq1,Mutant_L2V,DVDMAYIYSQHYHRH,0.51,0.5,1.01,IL-5 inducer
seq1,Mutant_L2W,DWDMAYIYSQHYHRH,0.55,0.5,1.05,IL-5 inducer
seq1,Mutant_L2Y,DYDMAYIYSQHYHRH,0.6,0.5,1.1,IL-5 inducer
seq1,Mutant_D3A,DLAMAYIYSQHYHRH,0.57,0.5,1.07,IL-5 inducer
seq1,Mutant_D3C,DLCMAYIYSQHYHRH,0.62,0.5,1.12,IL-5 inducer
seq1,Mutant_D3E,DLEMAYIYSQHYHRH,0.48,0.5,0.98,IL-5 inducer
seq1,Mutant_D3F,DLFMAYIYSQHYHRH,0.64,0.5,1.14,IL-5 inducer
seq1,Mutant_D3G,DLGMAYIYSQHYHRH,0.51,0.5,1.01,IL-5 inducer
seq1,Mutant_D3H,DLHMAYIYSQHYHRH,0.64,0.5,1.14,IL-5 inducer
seq1,Mutant_D3I,DLIMAYIYSQHYHRH,0.6,0.5,1.1,IL-5 inducer
seq1,Mutant_D3K,DLKMAYIYSQHYHRH,0.6,0.5,1.1,IL-5 inducer
seq1,Mutant_D3L,DLLMAYIYSQHYHRH,0.51,0.5,1.01,IL-5 inducer
seq1,Mutant_D3M,DLMMAYIYSQHYHRH,0.59,0.5,1.09,IL-5 inducer
seq1,Mutant_D3N,DLNMAYIYSQHYHRH,0.59,0.5,1.09,IL-5 inducer
seq1,Mutant_D3P,DLPMAYIYSQHYHRH,0.55,0.5,1.05,IL-5 inducer
seq1,Mutant_D3Q,DLQMAYIYSQHYHRH,0.48,0.5,0.98,IL-5 inducer
seq1,Mutant_D3R,DLRMAYIYSQHYHRH,0.6,0.5,1.1,IL-5 inducer
seq1,Mutant_D3S,DLSMAYIYSQHYHRH,0.58,0.5,1.08,IL-5 inducer
seq1,Mutant_D3T,DLTMAYIYSQHYHRH,0.56,0.5,1.06,IL-5 inducer
seq1,Mutant_D3V,DLVMAYIYSQHYHRH,0.55,0.5,1.05,IL-5 inducer
seq1,Mutant_D3W,DLWMAYIYSQHYHRH,0.61,0.5,1.11,IL-5 inducer
seq1,Mutant_D3Y,DLYMAYIYSQHYHRH,0.57,0.5,1.07,IL-5 inducer
seq1,Mutant_M4A,DLDAAYIYSQHYHRH,0.44,0.5,0.94,IL-5 inducer
seq1,Mutant_M4C,DLDCAYIYSQHYHRH,0.56,0.5,1.06,IL-5 inducer
seq1,Mutant_M4D,DLDDAYIYSQHYHRH,0.47,0.5,0.97,IL-5 inducer
seq1,Mutant_M4E,DLDEAYIYSQHYHRH,0.48,0.5,0.98,IL-5 inducer
seq1,Mutant_M4F,DLDFAYIYSQHYHRH,0.52,0.5,1.02,IL-5 inducer
seq1,Mutant_M4G,DLDGAYIYSQHYHRH,0.57,0.5,1.07,IL-5 inducer
seq1,Mutant_M4H,DLDHAYIYSQHYHRH,0.54,0.5,1.04,IL-5 inducer
seq1,Mutant_M4I,DLDIAYIYSQHYHRH,0.57,0.5,1.07,IL-5 inducer
seq1,Mutant_M4K,DLDKAYIYSQHYHRH,0.44,0.5,0.94,IL-5 inducer
seq1,Mutant_M4L,DLDLAYIYSQHYHRH,0.58,0.5,1.08,IL-5 inducer
seq1,Mutant_M4N,DLDNAYIYSQHYHRH,0.55,0.5,1.05,IL-5 inducer
seq1,Mutant_M4P,DLDPAYIYSQHYHRH,0.51,0.5,1.01,IL-5 inducer
seq1,Mutant_M4Q,DLDQAYIYSQHYHRH,0.51,0.5,1.01,IL-5 inducer
seq1,Mutant_M4R,DLDRAYIYSQHYHRH,0.53,0.5,1.03,IL-5 inducer
seq1,Mutant_M4S,DLDSAYIYSQHYHRH,0.48,0.5,0.98,IL-5 inducer
seq1,Mutant_M4T,DLDTAYIYSQHYHRH,0.51,0.5,1.01,IL-5 inducer
seq1,Mutant_M4V,DLDVAYIYSQHYHRH,0.48,0.5,0.98,IL-5 inducer
seq1,Mutant_M4W,DLDWAYIYSQHYHRH,0.55,0.5,1.05,IL-5 inducer
seq1,Mutant_M4Y,DLDYAYIYSQHYHRH,0.56,0.5,1.06,IL-5 inducer
seq1,Mutant_A5C,DLDMCYIYSQHYHRH,0.57,0.5,1.07,IL-5 inducer
seq1,Mutant_A5D,DLDMDYIYSQHYHRH,0.56,0.5,1.06,IL-5 inducer
seq1,Mutant_A5E,DLDMEYIYSQHYHRH,0.59,0.5,1.09,IL-5 inducer
seq1,Mutant_A5F,DLDMFYIYSQHYHRH,0.59,0.5,1.09,IL-5 inducer
seq1,Mutant_A5G,DLDMGYIYSQHYHRH,0.46,0.5,0.96,IL-5 inducer
seq1,Mutant_A5H,DLDMHYIYSQHYHRH,0.6,0.5,1.1,IL-5 inducer
seq1,Mutant_A5I,DLDMIYIYSQHYHRH,0.6,0.5,1.1,IL-5 inducer
seq1,Mutant_A5K,DLDMKYIYSQHYHRH,0.54,0.5,1.04,IL-5 inducer
seq1,Mutant_A5L,DLDMLYIYSQHYHRH,0.56,0.5,1.06,IL-5 inducer
seq1,Mutant_A5M,DLDMMYIYSQHYHRH,0.58,0.5,1.08,IL-5 inducer
seq1,Mutant_A5N,DLDMNYIYSQHYHRH,0.57,0.5,1.07,IL-5 inducer
seq1,Mutant_A5P,DLDMPYIYSQHYHRH,0.56,0.5,1.06,IL-5 inducer
seq1,Mutant_A5Q,DLDMQYIYSQHYHRH,0.57,0.5,1.07,IL-5 inducer
seq1,Mutant_A5R,DLDMRYIYSQHYHRH,0.6,0.5,1.1,IL-5 inducer
seq1,Mutant_A5S,DLDMSYIYSQHYHRH,0.57,0.5,1.07,IL-5 inducer
seq1,Mutant_A5T,DLDMTYIYSQHYHRH,0.58,0.5,1.08,IL-5 inducer
seq1,Mutant_A5V,DLDMVYIYSQHYHRH,0.59,0.5,1.09,IL-5 inducer
seq1,Mutant_A5W,DLDMWYIYSQHYHRH,0.6,0.5,1.1,IL-5 inducer
seq1,Mutant_A5Y,DLDMYYIYSQHYHRH,0.55,0.5,1.05,IL-5 inducer
seq1,Mutant_Y6A,DLDMAAIYSQHYHRH,0.48,0.5,0.98,IL-5 inducer
seq1,Mutant_Y6C,DLDMACIYSQHYHRH,0.52,0.5,1.02,IL-5 inducer
seq1,Mutant_Y6D,DLDMADIYSQHYHRH,0.48,0.5,0.98,IL-5 inducer
seq1,Mutant_Y6E,DLDMAEIYSQHYHRH,0.5,0.5,1.0,IL-5 inducer
seq1,Mutant_Y6F,DLDMAFIYSQHYHRH,0.56,0.5,1.06,IL-5 inducer
seq1,Mutant_Y6G,DLDMAGIYSQHYHRH,0.49,0.5,0.99,IL-5 inducer
seq1,Mutant_Y6H,DLDMAHIYSQHYHRH,0.56,0.5,1.06,IL-5 inducer
seq1,Mutant_Y6I,DLDMAIIYSQHYHRH,0.52,0.5,1.02,IL-5 inducer
seq1,Mutant_Y6K,DLDMAKIYSQHYHRH,0.55,0.5,1.05,IL-5 inducer
seq1,Mutant_Y6L,DLDMALIYSQHYHRH,0.5,0.5,1.0,IL-5 inducer
seq1,Mutant_Y6M,DLDMAMIYSQHYHRH,0.56,0.5,1.06,IL-5 inducer
seq1,Mutant_Y6N,DLDMANIYSQHYHRH,0.53,0.5,1.03,IL-5 inducer
seq1,Mutant_Y6P,DLDMAPIYSQHYHRH,0.53,0.5,1.03,IL-5 inducer
seq1,Mutant_Y6Q,DLDMAQIYSQHYHRH,0.41,0.5,0.91,IL-5 inducer
seq1,Mutant_Y6R,DLDMARIYSQHYHRH,0.58,0.5,1.08,IL-5 inducer
seq1,Mutant_Y6S,DLDMASIYSQHYHRH,0.47,0.5,0.97,IL-5 inducer
seq1,Mutant_Y6T,DLDMATIYSQHYHRH,0.56,0.5,1.06,IL-5 inducer
seq1,Mutant_Y6V,DLDMAVIYSQHYHRH,0.47,0.5,0.97,IL-5 inducer
seq1,Mutant_Y6W,DLDMAWIYSQHYHRH,0.63,0.5,1.13,IL-5 inducer
seq1,Mutant_I7A,DLDMAYAYSQHYHRH,0.56,0.5,1.06,IL-5 inducer
seq1,Mutant_I7C,DLDMAYCYSQHYHRH,0.55,0.5,1.05,IL-5 inducer
seq1,Mutant_I7D,DLDMAYDYSQHYHRH,0.55,0.5,1.05,IL-5 inducer
seq1,Mutant_I7E,DLDMAYEYSQHYHRH,0.56,0.5,1.06,IL-5 inducer
seq1,Mutant_I7F,DLDMAYFYSQHYHRH,0.51,0.5,1.01,IL-5 inducer
seq1,Mutant_I7G,DLDMAYGYSQHYHRH,0.52,0.5,1.02,IL-5 inducer
seq1,Mutant_I7H,DLDMAYHYSQHYHRH,0.59,0.5,1.09,IL-5 inducer
seq1,Mutant_I7K,DLDMAYKYSQHYHRH,0.54,0.5,1.04,IL-5 inducer
seq1,Mutant_I7L,DLDMAYLYSQHYHRH,0.53,0.5,1.03,IL-5 inducer
seq1,Mutant_I7M,DLDMAYMYSQHYHRH,0.54,0.5,1.04,IL-5 inducer
seq1,Mutant_I7N,DLDMAYNYSQHYHRH,0.55,0.5,1.05,IL-5 inducer
seq1,Mutant_I7P,DLDMAYPYSQHYHRH,0.5,0.5,1.0,IL-5 inducer
seq1,Mutant_I7Q,DLDMAYQYSQHYHRH,0.52,0.5,1.02,IL-5 inducer
seq1,Mutant_I7R,DLDMAYRYSQHYHRH,0.55,0.5,1.05,IL-5 inducer
seq1,Mutant_I7S,DLDMAYSYSQHYHRH,0.54,0.5,1.04,IL-5 inducer
seq1,Mutant_I7T,DLDMAYTYSQHYHRH,0.54,0.5,1.04,IL-5 inducer
seq1,Mutant_I7V,DLDMAYVYSQHYHRH,0.55,0.5,1.05,IL-5 inducer
seq1,Mutant_I7W,DLDMAYWYSQHYHRH,0.56,0.5,1.06,IL-5 inducer
seq1,Mutant_I7Y,DLDMAYYYSQHYHRH,0.5,0.5,1.0,IL-5 inducer
seq1,Mutant_Y8A,DLDMAYIASQHYHRH,0.44,0.5,0.94,IL-5 inducer
seq1,Mutant_Y8C,DLDMAYICSQHYHRH,0.54,0.5,1.04,IL-5 inducer
seq1,Mutant_Y8D,DLDMAYIDSQHYHRH,0.47,0.5,0.97,IL-5 inducer
seq1,Mutant_Y8E,DLDMAYIESQHYHRH,0.51,0.5,1.01,IL-5 inducer
seq1,Mutant_Y8F,DLDMAYIFSQHYHRH,0.54,0.5,1.04,IL-5 inducer
seq1,Mutant_Y8G,DLDMAYIGSQHYHRH,0.49,0.5,0.99,IL-5 inducer
seq1,Mutant_Y8H,DLDMAYIHSQHYHRH,0.56,0.5,1.06,IL-5 inducer
seq1,Mutant_Y8I,DLDMAYIISQHYHRH,0.5,0.5,1.0,IL-5 inducer
seq1,Mutant_Y8K,DLDMAYIKSQHYHRH,0.5,0.5,1.0,IL-5 inducer
seq1,Mutant_Y8L,DLDMAYILSQHYHRH,0.48,0.5,0.98,IL-5 inducer
seq1,Mutant_Y8M,DLDMAYIMSQHYHRH,0.5,0.5,1.0,IL-5 inducer
seq1,Mutant_Y8N,DLDMAYINSQHYHRH,0.53,0.5,1.03,IL-5 inducer
seq1,Mutant_Y8P,DLDMAYIPSQHYHRH,0.47,0.5,0.97,IL-5 inducer
seq1,Mutant_Y8Q,DLDMAYIQSQHYHRH,0.43,0.5,0.93,IL-5 inducer
seq1,Mutant_Y8R,DLDMAYIRSQHYHRH,0.46,0.5,0.96,IL-5 inducer
seq1,Mutant_Y8S,DLDMAYISSQHYHRH,0.51,0.5,1.01,IL-5 inducer
seq1,Mutant_Y8T,DLDMAYITSQHYHRH,0.44,0.5,0.94,IL-5 inducer
seq1,Mutant_Y8V,DLDMAYIVSQHYHRH,0.5,0.5,1.0,IL-5 inducer
seq1,Mutant_Y8W,DLDMAYIWSQHYHRH,0.58,0.5,1.08,IL-5 inducer
seq1,Mutant_S9A,DLDMAYIYAQHYHRH,0.47,0.5,0.97,IL-5 inducer
seq1,Mutant_S9C,DLDMAYIYCQHYHRH,0.59,0.5,1.09,IL-5 inducer
seq1,Mutant_S9D,DLDMAYIYDQHYHRH,0.57,0.5,1.07,IL-5 inducer
seq1,Mutant_S9E,DLDMAYIYEQHYHRH,0.44,0.5,0.94,IL-5 inducer
seq1,Mutant_S9F,DLDMAYIYFQHYHRH,0.49,0.5,0.99,IL-5 inducer
seq1,Mutant_S9G,DLDMAYIYGQHYHRH,0.54,0.5,1.04,IL-5 inducer
seq1,Mutant_S9H,DLDMAYIYHQHYHRH,0.47,0.5,0.97,IL-5 inducer
seq1,Mutant_S9I,DLDMAYIYIQHYHRH,0.51,0.5,1.01,IL-5 inducer
seq1,Mutant_S9K,DLDMAYIYKQHYHRH,0.51,0.5,1.01,IL-5 inducer
seq1,Mutant_S9L,DLDMAYIYLQHYHRH,0.52,0.5,1.02,IL-5 inducer
seq1,Mutant_S9M,DLDMAYIYMQHYHRH,0.54,0.5,1.04,IL-5 inducer
seq1,Mutant_S9N,DLDMAYIYNQHYHRH,0.53,0.5,1.03,IL-5 inducer
seq1,Mutant_S9P,DLDMAYIYPQHYHRH,0.5,0.5,1.0,IL-5 inducer
seq1,Mutant_S9Q,DLDMAYIYQQHYHRH,0.51,0.5,1.01,IL-5 inducer
seq1,Mutant_S9R,DLDMAYIYRQHYHRH,0.53,0.5,1.03,IL-5 inducer
seq1,Mutant_S9T,DLDMAYIYTQHYHRH,0.54,0.5,1.04,IL-5 inducer
seq1,Mutant_S9V,DLDMAYIYVQHYHRH,0.51,0.5,1.01,IL-5 inducer
seq1,Mutant_S9W,DLDMAYIYWQHYHRH,0.48,0.5,0.98,IL-5 inducer
seq1,Mutant_S9Y,DLDMAYIYYQHYHRH,0.5,0.5,1.0,IL-5 inducer
seq1,Mutant_Q10A,DLDMAYIYSAHYHRH,0.53,0.5,1.03,IL-5 inducer
seq1,Mutant_Q10C,DLDMAYIYSCHYHRH,0.57,0.5,1.07,IL-5 inducer
seq1,Mutant_Q10D,DLDMAYIYSDHYHRH,0.54,0.5,1.04,IL-5 inducer
seq1,Mutant_Q10E,DLDMAYIYSEHYHRH,0.5,0.5,1.0,IL-5 inducer
seq1,Mutant_Q10F,DLDMAYIYSFHYHRH,0.55,0.5,1.05,IL-5 inducer
seq1,Mutant_Q10G,DLDMAYIYSGHYHRH,0.54,0.5,1.04,IL-5 inducer
seq1,Mutant_Q10H,DLDMAYIYSHHYHRH,0.54,0.5,1.04,IL-5 inducer
seq1,Mutant_Q10I,DLDMAYIYSIHYHRH,0.56,0.5,1.06,IL-5 inducer
seq1,Mutant_Q10K,DLDMAYIYSKHYHRH,0.56,0.5,1.06,IL-5 inducer
seq1,Mutant_Q10L,DLDMAYIYSLHYHRH,0.57,0.5,1.07,IL-5 inducer
seq1,Mutant_Q10M,DLDMAYIYSMHYHRH,0.57,0.5,1.07,IL-5 inducer
seq1,Mutant_Q10N,DLDMAYIYSNHYHRH,0.56,0.5,1.06,IL-5 inducer
seq1,Mutant_Q10P,DLDMAYIYSPHYHRH,0.52,0.5,1.02,IL-5 inducer
seq1,Mutant_Q10R,DLDMAYIYSRHYHRH,0.6,0.5,1.1,IL-5 inducer
seq1,Mutant_Q10S,DLDMAYIYSSHYHRH,0.55,0.5,1.05,IL-5 inducer
seq1,Mutant_Q10T,DLDMAYIYSTHYHRH,0.46,0.5,0.96,IL-5 inducer
seq1,Mutant_Q10V,DLDMAYIYSVHYHRH,0.5,0.5,1.0,IL-5 inducer
seq1,Mutant_Q10W,DLDMAYIYSWHYHRH,0.5,0.5,1.0,IL-5 inducer
seq1,Mutant_Q10Y,DLDMAYIYSYHYHRH,0.57,0.5,1.07,IL-5 inducer
seq1,Mutant_H11A,DLDMAYIYSQAYHRH,0.52,0.5,1.02,IL-5 inducer
seq1,Mutant_H11C,DLDMAYIYSQCYHRH,0.57,0.5,1.07,IL-5 inducer
seq1,Mutant_H11D,DLDMAYIYSQDYHRH,0.49,0.5,0.99,IL-5 inducer
seq1,Mutant_H11E,DLDMAYIYSQEYHRH,0.52,0.5,1.02,IL-5 inducer
seq1,Mutant_H11F,DLDMAYIYSQFYHRH,0.42,0.5,0.92,IL-5 inducer
seq1,Mutant_H11G,DLDMAYIYSQGYHRH,0.5,0.5,1.0,IL-5 inducer
seq1,Mutant_H11I,DLDMAYIYSQIYHRH,0.5,0.5,1.0,IL-5 inducer
seq1,Mutant_H11K,DLDMAYIYSQKYHRH,0.48,0.5,0.98,IL-5 inducer
seq1,Mutant_H11L,DLDMAYIYSQLYHRH,0.48,0.5,0.98,IL-5 inducer
seq1,Mutant_H11M,DLDMAYIYSQMYHRH,0.51,0.5,1.01,IL-5 inducer
seq1,Mutant_H11N,DLDMAYIYSQNYHRH,0.56,0.5,1.06,IL-5 inducer
seq1,Mutant_H11P,DLDMAYIYSQPYHRH,0.49,0.5,0.99,IL-5 inducer
seq1,Mutant_H11Q,DLDMAYIYSQQYHRH,0.52,0.5,1.02,IL-5 inducer
seq1,Mutant_H11R,DLDMAYIYSQRYHRH,0.55,0.5,1.05,IL-5 inducer
seq1,Mutant_H11S,DLDMAYIYSQSYHRH,0.52,0.5,1.02,IL-5 inducer
seq1,Mutant_H11T,DLDMAYIYSQTYHRH,0.5,0.5,1.0,IL-5 inducer
seq1,Mutant_H11V,DLDMAYIYSQVYHRH,0.54,0.5,1.04,IL-5 inducer
seq1,Mutant_H11W,DLDMAYIYSQWYHRH,0.59,0.5,1.09,IL-5 inducer
seq1,Mutant_H11Y,DLDMAYIYSQYYHRH,0.52,0.5,1.02,IL-5 inducer
seq1,Mutant_Y12A,DLDMAYIYSQHAHRH,0.44,0.5,0.94,IL-5 inducer
seq1,Mutant_Y12C,DLDMAYIYSQHCHRH,0.47,0.5,0.97,IL-5 inducer
seq1,Mutant_Y12D,DLDMAYIYSQHDHRH,0.46,0.5,0.96,IL-5 inducer
seq1,Mutant_Y12E,DLDMAYIYSQHEHRH,0.45,0.5,0.95,IL-5 inducer
seq1,Mutant_Y12F,DLDMAYIYSQHFHRH,0.46,0.5,0.96,IL-5 inducer
seq1,Mutant_Y12G,DLDMAYIYSQHGHRH,0.45,0.5,0.95,IL-5 inducer
seq1,Mutant_Y12H,DLDMAYIYSQHHHRH,0.48,0.5,0.98,IL-5 inducer
seq1,Mutant_Y12I,DLDMAYIYSQHIHRH,0.47,0.5,0.97,IL-5 inducer
seq1,Mutant_Y12K,DLDMAYIYSQHKHRH,0.49,0.5,0.99,IL-5 inducer
seq1,Mutant_Y12L,DLDMAYIYSQHLHRH,0.46,0.5,0.96,IL-5 inducer
seq1,Mutant_Y12M,DLDMAYIYSQHMHRH,0.48,0.5,0.98,IL-5 inducer
seq1,Mutant_Y12N,DLDMAYIYSQHNHRH,0.49,0.5,0.99,IL-5 inducer
seq1,Mutant_Y12P,DLDMAYIYSQHPHRH,0.48,0.5,0.98,IL-5 inducer
seq1,Mutant_Y12Q,DLDMAYIYSQHQHRH,0.38,0.5,0.88,IL-5 inducer
seq1,Mutant_Y12R,DLDMAYIYSQHRHRH,0.51,0.5,1.01,IL-5 inducer
seq1,Mutant_Y12S,DLDMAYIYSQHSHRH,0.47,0.5,0.97,IL-5 inducer
seq1,Mutant_Y12T,DLDMAYIYSQHTHRH,0.47,0.5,0.97,IL-5 inducer
seq1,Mutant_Y12V,DLDMAYIYSQHVHRH,0.4,0.5,0.9,IL-5 inducer
seq1,Mutant_Y12W,DLDMAYIYSQHWHRH,0.48,0.5,0.98,IL-5 inducer
seq1,Mutant_H13A,DLDMAYIYSQHYARH,0.48,0.5,0.98,IL-5 inducer
seq1,Mutant_H13C,DLDMAYIYSQHYCRH,0.5,0.5,1.0,IL-5 inducer
seq1,Mutant_H13D,DLDMAYIYSQHYDRH,0.49,0.5,0.99,IL-5 inducer
seq1,Mutant_H13E,DLDMAYIYSQHYERH,0.47,0.5,0.97,IL-5 inducer
seq1,Mutant_H13F,DLDMAYIYSQHYFRH,0.4,0.5,0.9,IL-5 inducer
seq1,Mutant_H13G,DLDMAYIYSQHYGRH,0.47,0.5,0.97,IL-5 inducer
seq1,Mutant_H13I,DLDMAYIYSQHYIRH,0.48,0.5,0.98,IL-5 inducer
seq1,Mutant_H13K,DLDMAYIYSQHYKRH,0.46,0.5,0.96,IL-5 inducer
seq1,Mutant_H13L,DLDMAYIYSQHYLRH,0.47,0.5,0.97,IL-5 inducer
seq1,Mutant_H13M,DLDMAYIYSQHYMRH,0.47,0.5,0.97,IL-5 inducer
seq1,Mutant_H13N,DLDMAYIYSQHYNRH,0.47,0.5,0.97,IL-5 inducer
seq1,Mutant_H13P,DLDMAYIYSQHYPRH,0.44,0.5,0.94,IL-5 inducer
seq1,Mutant_H13Q,DLDMAYIYSQHYQRH,0.47,0.5,0.97,IL-5 inducer
seq1,Mutant_H13R,DLDMAYIYSQHYRRH,0.43,0.5,0.93,IL-5 inducer
seq1,Mutant_H13S,DLDMAYIYSQHYSRH,0.51,0.5,1.01,IL-5 inducer
seq1,Mutant_H13T,DLDMAYIYSQHYTRH,0.48,0.5,0.98,IL-5 inducer
seq1,Mutant_H13V,DLDMAYIYSQHYVRH,0.48,0.5,0.98,IL-5 inducer
seq1,Mutant_H13W,DLDMAYIYSQHYWRH,0.48,0.5,0.98,IL-5 inducer
seq1,Mutant_H13Y,DLDMAYIYSQHYYRH,0.44,0.5,0.94,IL-5 inducer
seq1,Mutant_R14A,DLDMAYIYSQHYHAH,0.53,0.5,1.03,IL-5 inducer
seq1,Mutant_R14C,DLDMAYIYSQHYHCH,0.58,0.5,1.08,IL-5 inducer
seq1,Mutant_R14D,DLDMAYIYSQHYHDH,0.56,0.5,1.06,IL-5 inducer
seq1,Mutant_R14E,DLDMAYIYSQHYHEH,0.55,0.5,1.05,IL-5 inducer
seq1,Mutant_R14F,DLDMAYIYSQHYHFH,0.56,0.5,1.06,IL-5 inducer
seq1,Mutant_R14G,DLDMAYIYSQHYHGH,0.56,0.5,1.06,IL-5 inducer
seq1,Mutant_R14H,DLDMAYIYSQHYHHH,0.57,0.5,1.07,IL-5 inducer
seq1,Mutant_R14I,DLDMAYIYSQHYHIH,0.59,0.5,1.09,IL-5 inducer
seq1,Mutant_R14K,DLDMAYIYSQHYHKH,0.59,0.5,1.09,IL-5 inducer
seq1,Mutant_R14L,DLDMAYIYSQHYHLH,0.58,0.5,1.08,IL-5 inducer
seq1,Mutant_R14M,DLDMAYIYSQHYHMH,0.59,0.5,1.09,IL-5 inducer
seq1,Mutant_R14N,DLDMAYIYSQHYHNH,0.6,0.5,1.1,IL-5 inducer
seq1,Mutant_R14P,DLDMAYIYSQHYHPH,0.58,0.5,1.08,IL-5 inducer
seq1,Mutant_R14Q,DLDMAYIYSQHYHQH,0.5,0.5,1.0,IL-5 inducer
seq1,Mutant_R14S,DLDMAYIYSQHYHSH,0.6,0.5,1.1,IL-5 inducer
seq1,Mutant_R14T,DLDMAYIYSQHYHTH,0.58,0.5,1.08,IL-5 inducer
seq1,Mutant_R14V,DLDMAYIYSQHYHVH,0.52,0.5,1.02,IL-5 inducer
seq1,Mutant_R14W,DLDMAYIYSQHYHWH,0.59,0.5,1.09,IL-5 inducer
seq1,Mutant_R14Y,DLDMAYIYSQHYHYH,0.62,0.5,1.12,IL-5 inducer
seq1,Mutant_H15A,DLDMAYIYSQHYHRA,0.59,0.5,1.09,IL-5 inducer
seq1,Mutant_H15C,DLDMAYIYSQHYHRC,0.62,0.5,1.12,IL-5 inducer
seq1,Mutant_H15D,DLDMAYIYSQHYHRD,0.56,0.5,1.06,IL-5 inducer
seq1,Mutant_H15E,DLDMAYIYSQHYHRE,0.61,0.5,1.11,IL-5 inducer
seq1,Mutant_H15F,DLDMAYIYSQHYHRF,0.62,0.5,1.12,IL-5 inducer
seq1,Mutant_H15G,DLDMAYIYSQHYHRG,0.61,0.5,1.11,IL-5 inducer
seq1,Mutant_H15I,DLDMAYIYSQHYHRI,0.62,0.5,1.12,IL-5 inducer
seq1,Mutant_H15K,DLDMAYIYSQHYHRK,0.62,0.5,1.12,IL-5 inducer
seq1,Mutant_H15L,DLDMAYIYSQHYHRL,0.64,0.5,1.14,IL-5 inducer
seq1,Mutant_H15M,DLDMAYIYSQHYHRM,0.63,0.5,1.13,IL-5 inducer
seq1,Mutant_H15N,DLDMAYIYSQHYHRN,0.62,0.5,1.12,IL-5 inducer
seq1,Mutant_H15P,DLDMAYIYSQHYHRP,0.64,0.5,1.14,IL-5 inducer
seq1,Mutant_H15Q,DLDMAYIYSQHYHRQ,0.61,0.5,1.11,IL-5 inducer
seq1,Mutant_H15R,DLDMAYIYSQHYHRR,0.56,0.5,1.06,IL-5 inducer
seq1,Mutant_H15S,DLDMAYIYSQHYHRS,0.6,0.5,1.1,IL-5 inducer
seq1,Mutant_H15T,DLDMAYIYSQHYHRT,0.61,0.5,1.11,IL-5 inducer
seq1,Mutant_H15V,DLDMAYIYSQHYHRV,0.59,0.5,1.09,IL-5 inducer
seq1,Mutant_H15W,DLDMAYIYSQHYHRW,0.63,0.5,1.13,IL-5 inducer
seq1,Mutant_H15Y,DLDMAYIYSQHYHRY,0.64,0.5,1.14,IL-5 inducer
seq2,Original,VTKIFNRFDTNGDGQI,0.73,0.5,1.23,IL-5 inducer
seq2,Mutant_V1A,ATKIFNRFDTNGDGQI,0.7,0.5,1.2,IL-5 inducer
seq2,Mutant_V1C,CTKIFNRFDTNGDGQI,0.68,0.5,1.18,IL-5 inducer
seq2,Mutant_V1D,DTKIFNRFDTNGDGQI,0.68,0.5,1.18,IL-5 inducer
seq2,Mutant_V1E,ETKIFNRFDTNGDGQI,0.68,0.5,1.18,IL-5 inducer
seq2,Mutant_V1F,FTKIFNRFDTNGDGQI,0.68,0.5,1.18,IL-5 inducer
seq2,Mutant_V1G,GTKIFNRFDTNGDGQI,0.69,0.5,1.19,IL-5 inducer
seq2,Mutant_V1H,HTKIFNRFDTNGDGQI,0.67,0.5,1.17,IL-5 inducer
seq2,Mutant_V1I,ITKIFNRFDTNGDGQI,0.67,0.5,1.17,IL-5 inducer
seq2,Mutant_V1K,KTKIFNRFDTNGDGQI,0.63,0.5,1.13,IL-5 inducer
seq2,Mutant_V1L,LTKIFNRFDTNGDGQI,0.69,0.5,1.19,IL-5 inducer
seq2,Mutant_V1M,MTKIFNRFDTNGDGQI,0.68,0.5,1.18,IL-5 inducer
seq2,Mutant_V1N,NTKIFNRFDTNGDGQI,0.68,0.5,1.18,IL-5 inducer
seq2,Mutant_V1P,PTKIFNRFDTNGDGQI,0.66,0.5,1.16,IL-5 inducer
seq2,Mutant_V1Q,QTKIFNRFDTNGDGQI,0.63,0.5,1.13,IL-5 inducer
seq2,Mutant_V1R,RTKIFNRFDTNGDGQI,0.68,0.5,1.18,IL-5 inducer
seq2,Mutant_V1S,STKIFNRFDTNGDGQI,0.64,0.5,1.14,IL-5 inducer
seq2,Mutant_V1T,TTKIFNRFDTNGDGQI,0.62,0.5,1.12,IL-5 inducer
seq2,Mutant_V1W,WTKIFNRFDTNGDGQI,0.67,0.5,1.17,IL-5 inducer
seq2,Mutant_V1Y,YTKIFNRFDTNGDGQI,0.7,0.5,1.2,IL-5 inducer
seq2,Mutant_T2A,VAKIFNRFDTNGDGQI,0.64,0.5,1.14,IL-5 inducer
seq2,Mutant_T2C,VCKIFNRFDTNGDGQI,0.63,0.5,1.13,IL-5 inducer
seq2,Mutant_T2D,VDKIFNRFDTNGDGQI,0.65,0.5,1.15,IL-5 inducer
seq2,Mutant_T2E,VEKIFNRFDTNGDGQI,0.6,0.5,1.1,IL-5 inducer
seq2,Mutant_T2F,VFKIFNRFDTNGDGQI,0.62,0.5,1.12,IL-5 inducer
seq2,Mutant_T2G,VGKIFNRFDTNGDGQI,0.65,0.5,1.15,IL-5 inducer
seq2,Mutant_T2H,VHKIFNRFDTNGDGQI,0.62,0.5,1.12,IL-5 inducer
seq2,Mutant_T2I,VIKIFNRFDTNGDGQI,0.64,0.5,1.14,IL-5 inducer
seq2,Mutant_T2K,VKKIFNRFDTNGDGQI,0.61,0.5,1.11,IL-5 inducer
seq2,Mutant_T2L,VLKIFNRFDTNGDGQI,0.66,0.5,1.16,IL-5 inducer
seq2,Mutant_T2M,VMKIFNRFDTNGDGQI,0.66,0.5,1.16,IL-5 inducer
seq2,Mutant_T2N,VNKIFNRFDTNGDGQI,0.66,0.5,1.16,IL-5 inducer
seq2,Mutant_T2P,VPKIFNRFDTNGDGQI,0.64,0.5,1.14,IL-5 inducer
seq2,Mutant_T2Q,VQKIFNRFDTNGDGQI,0.61,0.5,1.11,IL-5 inducer
seq2,Mutant_T2R,VRKIFNRFDTNGDGQI,0.59,0.5,1.09,IL-5 inducer
seq2,Mutant_T2S,VSKIFNRFDTNGDGQI,0.65,0.5,1.15,IL-5 inducer
seq2,Mutant_T2V,VVKIFNRFDTNGDGQI,0.62,0.5,1.12,IL-5 inducer
seq2,Mutant_T2W,VWKIFNRFDTNGDGQI,0.64,0.5,1.14,IL-5 inducer
seq2,Mutant_T2Y,VYKIFNRFDTNGDGQI,0.66,0.5,1.16,IL-5 inducer
seq2,Mutant_K3A,VTAIFNRFDTNGDGQI,0.64,0.5,1.14,IL-5 inducer
seq2,Mutant_K3C,VTCIFNRFDTNGDGQI,0.63,0.5,1.13,IL-5 inducer
seq2,Mutant_K3D,VTDIFNRFDTNGDGQI,0.62,0.5,1.12,IL-5 inducer
seq2,Mutant_K3E,VTEIFNRFDTNGDGQI,0.62,0.5,1.12,IL-5 inducer
seq2,Mutant_K3F,VTFIFNRFDTNGDGQI,0.63,0.5,1.13,IL-5 inducer
seq2,Mutant_K3G,VTGIFNRFDTNGDGQI,0.61,0.5,1.11,IL-5 inducer
seq2,Mutant_K3H,VTHIFNRFDTNGDGQI,0.63,0.5,1.13,IL-5 inducer
seq2,Mutant_K3I,VTIIFNRFDTNGDGQI,0.62,0.5,1.12,IL-5 inducer
seq2,Mutant_K3L,VTLIFNRFDTNGDGQI,0.6,0.5,1.1,IL-5 inducer
seq2,Mutant_K3M,VTMIFNRFDTNGDGQI,0.65,0.5,1.15,IL-5 inducer
seq2,Mutant_K3N,VTNIFNRFDTNGDGQI,0.63,0.5,1.13,IL-5 inducer
seq2,Mutant_K3P,VTPIFNRFDTNGDGQI,0.57,0.5,1.07,IL-5 inducer
seq2,Mutant_K3Q,VTQIFNRFDTNGDGQI,0.56,0.5,1.06,IL-5 inducer
seq2,Mutant_K3R,VTRIFNRFDTNGDGQI,0.63,0.5,1.13,IL-5 inducer
seq2,Mutant_K3S,VTSIFNRFDTNGDGQI,0.63,0.5,1.13,IL-5 inducer
seq2,Mutant_K3T,VTTIFNRFDTNGDGQI,0.55,0.5,1.05,IL-5 inducer
seq2,Mutant_K3V,VTVIFNRFDTNGDGQI,0.61,0.5,1.11,IL-5 inducer
seq2,Mutant_K3W,VTWIFNRFDTNGDGQI,0.63,0.5,1.13,IL-5 inducer
seq2,Mutant_K3Y,VTYIFNRFDTNGDGQI,0.62,0.5,1.12,IL-5 inducer
seq2,Mutant_I4A,VTKAFNRFDTNGDGQI,0.56,0.5,1.06,IL-5 inducer
seq2,Mutant_I4C,VTKCFNRFDTNGDGQI,0.61,0.5,1.11,IL-5 inducer
seq2,Mutant_I4D,VTKDFNRFDTNGDGQI,0.58,0.5,1.08,IL-5 inducer
seq2,Mutant_I4E,VTKEFNRFDTNGDGQI,0.55,0.5,1.05,IL-5 inducer
seq2,Mutant_I4F,VTKFFNRFDTNGDGQI,0.57,0.5,1.07,IL-5 inducer
seq2,Mutant_I4G,VTKGFNRFDTNGDGQI,0.5,0.5,1.0,IL-5 inducer
seq2,Mutant_I4H,VTKHFNRFDTNGDGQI,0.59,0.5,1.09,IL-5 inducer
seq2,Mutant_I4K,VTKKFNRFDTNGDGQI,0.57,0.5,1.07,IL-5 inducer
seq2,Mutant_I4L,VTKLFNRFDTNGDGQI,0.6,0.5,1.1,IL-5 inducer
seq2,Mutant_I4M,VTKMFNRFDTNGDGQI,0.6,0.5,1.1,IL-5 inducer
seq2,Mutant_I4N,VTKNFNRFDTNGDGQI,0.54,0.5,1.04,IL-5 inducer
seq2,Mutant_I4P,VTKPFNRFDTNGDGQI,0.59,0.5,1.09,IL-5 inducer
seq2,Mutant_I4Q,VTKQFNRFDTNGDGQI,0.55,0.5,1.05,IL-5 inducer
seq2,Mutant_I4R,VTKRFNRFDTNGDGQI,0.58,0.5,1.08,IL-5 inducer
seq2,Mutant_I4S,VTKSFNRFDTNGDGQI,0.6,0.5,1.1,IL-5 inducer
seq2,Mutant_I4T,VTKTFNRFDTNGDGQI,0.56,0.5,1.06,IL-5 inducer
seq2,Mutant_I4V,VTKVFNRFDTNGDGQI,0.6,0.5,1.1,IL-5 inducer
seq2,Mutant_I4W,VTKWFNRFDTNGDGQI,0.57,0.5,1.07,IL-5 inducer
seq2,Mutant_I4Y,VTKYFNRFDTNGDGQI,0.59,0.5,1.09,IL-5 inducer
seq2,Mutant_F5A,VTKIANRFDTNGDGQI,0.55,0.5,1.05,IL-5 inducer
seq2,Mutant_F5C,VTKICNRFDTNGDGQI,0.57,0.5,1.07,IL-5 inducer
seq2,Mutant_F5D,VTKIDNRFDTNGDGQI,0.56,0.5,1.06,IL-5 inducer
seq2,Mutant_F5E,VTKIENRFDTNGDGQI,0.56,0.5,1.06,IL-5 inducer
seq2,Mutant_F5G,VTKIGNRFDTNGDGQI,0.58,0.5,1.08,IL-5 inducer
seq2,Mutant_F5H,VTKIHNRFDTNGDGQI,0.55,0.5,1.05,IL-5 inducer
seq2,Mutant_F5I,VTKIINRFDTNGDGQI,0.54,0.5,1.04,IL-5 inducer
seq2,Mutant_F5K,VTKIKNRFDTNGDGQI,0.55,0.5,1.05,IL-5 inducer
seq2,Mutant_F5L,VTKILNRFDTNGDGQI,0.55,0.5,1.05,IL-5 inducer
seq2,Mutant_F5M,VTKIMNRFDTNGDGQI,0.57,0.5,1.07,IL-5 inducer
seq2,Mutant_F5N,VTKINNRFDTNGDGQI,0.54,0.5,1.04,IL-5 inducer
seq2,Mutant_F5P,VTKIPNRFDTNGDGQI,0.53,0.5,1.03,IL-5 inducer
seq2,Mutant_F5Q,VTKIQNRFDTNGDGQI,0.57,0.5,1.07,IL-5 inducer
seq2,Mutant_F5R,VTKIRNRFDTNGDGQI,0.54,0.5,1.04,IL-5 inducer
seq2,Mutant_F5S,VTKISNRFDTNGDGQI,0.52,0.5,1.02,IL-5 inducer
seq2,Mutant_F5T,VTKITNRFDTNGDGQI,0.54,0.5,1.04,IL-5 inducer
seq2,Mutant_F5V,VTKIVNRFDTNGDGQI,0.57,0.5,1.07,IL-5 inducer
seq2,Mutant_F5W,VTKIWNRFDTNGDGQI,0.6,0.5,1.1,IL-5 inducer
seq2,Mutant_F5Y,VTKIYNRFDTNGDGQI,0.57,0.5,1.07,IL-5 inducer
seq2,Mutant_N6A,VTKIFARFDTNGDGQI,0.55,0.5,1.05,IL-5 inducer
seq2,Mutant_N6C,VTKIFCRFDTNGDGQI,0.59,0.5,1.09,IL-5 inducer
seq2,Mutant_N6D,VTKIFDRFDTNGDGQI,0.55,0.5,1.05,IL-5 inducer
seq2,Mutant_N6E,VTKIFERFDTNGDGQI,0.55,0.5,1.05,IL-5 inducer
seq2,Mutant_N6F,VTKIFFRFDTNGDGQI,0.55,0.5,1.05,IL-5 inducer
seq2,Mutant_N6G,VTKIFGRFDTNGDGQI,0.56,0.5,1.06,IL-5 inducer
seq2,Mutant_N6H,VTKIFHRFDTNGDGQI,0.57,0.5,1.07,IL-5 inducer
seq2,Mutant_N6I,VTKIFIRFDTNGDGQI,0.57,0.5,1.07,IL-5 inducer
seq2,Mutant_N6K,VTKIFKRFDTNGDGQI,0.55,0.5,1.05,IL-5 inducer
seq2,Mutant_N6L,VTKIFLRFDTNGDGQI,0.53,0.5,1.03,IL-5 inducer
seq2,Mutant_N6M,VTKIFMRFDTNGDGQI,0.56,0.5,1.06,IL-5 inducer
seq2,Mutant_N6P,VTKIFPRFDTNGDGQI,0.6,0.5,1.1,IL-5 inducer
seq2,Mutant_N6Q,VTKIFQRFDTNGDGQI,0.53,0.5,1.03,IL-5 inducer
seq2,Mutant_N6R,VTKIFRRFDTNGDGQI,0.46,0.5,0.96,IL-5 inducer
seq2,Mutant_N6S,VTKIFSRFDTNGDGQI,0.58,0.5,1.08,IL-5 inducer
seq2,Mutant_N6T,VTKIFTRFDTNGDGQI,0.56,0.5,1.06,IL-5 inducer
seq2,Mutant_N6V,VTKIFVRFDTNGDGQI,0.53,0.5,1.03,IL-5 inducer
seq2,Mutant_N6W,VTKIFWRFDTNGDGQI,0.54,0.5,1.04,IL-5 inducer
seq2,Mutant_N6Y,VTKIFYRFDTNGDGQI,0.56,0.5,1.06,IL-5 inducer
seq2,Mutant_R7A,VTKIFNAFDTNGDGQI,0.55,0.5,1.05,IL-5 inducer
seq2,Mutant_R7C,VTKIFNCFDTNGDGQI,0.62,0.5,1.12,IL-5 inducer
seq2,Mutant_R7D,VTKIFNDFDTNGDGQI,0.57,0.5,1.07,IL-5 inducer
seq2,Mutant_R7E,VTKIFNEFDTNGDGQI,0.56,0.5,1.06,IL-5 inducer
seq2,Mutant_R7F,VTKIFNFFDTNGDGQI,0.55,0.5,1.05,IL-5 inducer
seq2,Mutant_R7G,VTKIFNGFDTNGDGQI,0.54,0.5,1.04,IL-5 inducer
seq2,Mutant_R7H,VTKIFNHFDTNGDGQI,0.6,0.5,1.1,IL-5 inducer
seq2,Mutant_R7I,VTKIFNIFDTNGDGQI,0.57,0.5,1.07,IL-5 inducer
seq2,Mutant_R7K,VTKIFNKFDTNGDGQI,0.56,0.5,1.06,IL-5 inducer
seq2,Mutant_R7L,VTKIFNLFDTNGDGQI,0.6,0.5,1.1,IL-5 inducer
seq2,Mutant_R7M,VTKIFNMFDTNGDGQI,0.6,0.5,1.1,IL-5 inducer
seq2,Mutant_R7N,VTKIFNNFDTNGDGQI,0.55,0.5,1.05,IL-5 inducer
seq2,Mutant_R7P,VTKIFNPFDTNGDGQI,0.54,0.5,1.04,IL-5 inducer
seq2,Mutant_R7Q,VTKIFNQFDTNGDGQI,0.58,0.5,1.08,IL-5 inducer
seq2,Mutant_R7S,VTKIFNSFDTNGDGQI,0.58,0.5,1.08,IL-5 inducer
seq2,Mutant_R7T,VTKIFNTFDTNGDGQI,0.6,0.5,1.1,IL-5 inducer
seq2,Mutant_R7V,VTKIFNVFDTNGDGQI,0.56,0.5,1.06,IL-5 inducer
seq2,Mutant_R7W,VTKIFNWFDTNGDGQI,0.59,0.5,1.09,IL-5 inducer
seq2,Mutant_R7Y,VTKIFNYFDTNGDGQI,0.57,0.5,1.07,IL-5 inducer
seq2,Mutant_F8A,VTKIFNRADTNGDGQI,0.61,0.5,1.11,IL-5 inducer
seq2,Mutant_F8C,VTKIFNRCDTNGDGQI,0.64,0.5,1.14,IL-5 inducer
seq2,Mutant_F8D,VTKIFNRDDTNGDGQI,0.56,0.5,1.06,IL-5 inducer
seq2,Mutant_F8E,VTKIFNREDTNGDGQI,0.59,0.5,1.09,IL-5 inducer
seq2,Mutant_F8G,VTKIFNRGDTNGDGQI,0.62,0.5,1.12,IL-5 inducer
seq2,Mutant_F8H,VTKIFNRHDTNGDGQI,0.64,0.5,1.14,IL-5 inducer
seq2,Mutant_F8I,VTKIFNRIDTNGDGQI,0.6,0.5,1.1,IL-5 inducer
seq2,Mutant_F8K,VTKIFNRKDTNGDGQI,0.63,0.5,1.13,IL-5 inducer
seq2,Mutant_F8L,VTKIFNRLDTNGDGQI,0.6,0.5,1.1,IL-5 inducer
seq2,Mutant_F8M,VTKIFNRMDTNGDGQI,0.61,0.5,1.11,IL-5 inducer
seq2,Mutant_F8N,VTKIFNRNDTNGDGQI,0.6,0.5,1.1,IL-5 inducer
seq2,Mutant_F8P,VTKIFNRPDTNGDGQI,0.61,0.5,1.11,IL-5 inducer
seq2,Mutant_F8Q,VTKIFNRQDTNGDGQI,0.61,0.5,1.11,IL-5 inducer
seq2,Mutant_F8R,VTKIFNRRDTNGDGQI,0.51,0.5,1.01,IL-5 inducer
seq2,Mutant_F8S,VTKIFNRSDTNGDGQI,0.56,0.5,1.06,IL-5 inducer
seq2,Mutant_F8T,VTKIFNRTDTNGDGQI,0.6,0.5,1.1,IL-5 inducer
seq2,Mutant_F8V,VTKIFNRVDTNGDGQI,0.59,0.5,1.09,IL-5 inducer
seq2,Mutant_F8W,VTKIFNRWDTNGDGQI,0.56,0.5,1.06,IL-5 inducer
seq2,Mutant_F8Y,VTKIFNRYDTNGDGQI,0.63,0.5,1.13,IL-5 inducer
seq2,Mutant_D9A,VTKIFNRFATNGDGQI,0.67,0.5,1.17,IL-5 inducer
seq2,Mutant_D9C,VTKIFNRFCTNGDGQI,0.66,0.5,1.16,IL-5 inducer
seq2,Mutant_D9E,VTKIFNRFETNGDGQI,0.65,0.5,1.15,IL-5 inducer
seq2,Mutant_D9F,VTKIFNRFFTNGDGQI,0.66,0.5,1.16,IL-5 inducer
seq2,Mutant_D9G,VTKIFNRFGTNGDGQI,0.67,0.5,1.17,IL-5 inducer
seq2,Mutant_D9H,VTKIFNRFHTNGDGQI,0.65,0.5,1.15,IL-5 inducer
seq2,Mutant_D9I,VTKIFNRFITNGDGQI,0.64,0.5,1.14,IL-5 inducer
seq2,Mutant_D9K,VTKIFNRFKTNGDGQI,0.59,0.5,1.09,IL-5 inducer
seq2,Mutant_D9L,VTKIFNRFLTNGDGQI,0.64,0.5,1.14,IL-5 inducer
seq2,Mutant_D9M,VTKIFNRFMTNGDGQI,0.66,0.5,1.16,IL-5 inducer
seq2,Mutant_D9N,VTKIFNRFNTNGDGQI,0.64,0.5,1.14,IL-5 inducer
seq2,Mutant_D9P,VTKIFNRFPTNGDGQI,0.63,0.5,1.13,IL-5 inducer
seq2,Mutant_D9Q,VTKIFNRFQTNGDGQI,0.56,0.5,1.06,IL-5 inducer
seq2,Mutant_D9R,VTKIFNRFRTNGDGQI,0.6,0.5,1.1,IL-5 inducer
seq2,Mutant_D9S,VTKIFNRFSTNGDGQI,0.63,0.5,1.13,IL-5 inducer
seq2,Mutant_D9T,VTKIFNRFTTNGDGQI,0.58,0.5,1.08,IL-5 inducer
seq2,Mutant_D9V,VTKIFNRFVTNGDGQI,0.56,0.5,1.06,IL-5 inducer
seq2,Mutant_D9W,VTKIFNRFWTNGDGQI,0.62,0.5,1.12,IL-5 inducer
seq2,Mutant_D9Y,VTKIFNRFYTNGDGQI,0.67,0.5,1.17,IL-5 inducer
seq2,Mutant_T10A,VTKIFNRFDANGDGQI,0.59,0.5,1.09,IL-5 inducer
seq2,Mutant_T10C,VTKIFNRFDCNGDGQI,0.64,0.5,1.14,IL-5 inducer
seq2,Mutant_T10D,VTKIFNRFDDNGDGQI,0.61,0.5,1.11,IL-5 inducer
seq2,Mutant_T10E,VTKIFNRFDENGDGQI,0.65,0.5,1.15,IL-5 inducer
seq2,Mutant_T10F,VTKIFNRFDFNGDGQI,0.6,0.5,1.1,IL-5 inducer
seq2,Mutant_T10G,VTKIFNRFDGNGDGQI,0.61,0.5,1.11,IL-5 inducer
seq2,Mutant_T10H,VTKIFNRFDHNGDGQI,0.64,0.5,1.14,IL-5 inducer
seq2,Mutant_T10I,VTKIFNRFDINGDGQI,0.61,0.5,1.11,IL-5 inducer
seq2,Mutant_T10K,VTKIFNRFDKNGDGQI,0.63,0.5,1.13,IL-5 inducer
seq2,Mutant_T10L,VTKIFNRFDLNGDGQI,0.64,0.5,1.14,IL-5 inducer
seq2,Mutant_T10M,VTKIFNRFDMNGDGQI,0.62,0.5,1.12,IL-5 inducer
seq2,Mutant_T10N,VTKIFNRFDNNGDGQI,0.65,0.5,1.15,IL-5 inducer
seq2,Mutant_T10P,VTKIFNRFDPNGDGQI,0.63,0.5,1.13,IL-5 inducer
seq2,Mutant_T10Q,VTKIFNRFDQNGDGQI,0.64,0.5,1.14,IL-5 inducer
seq2,Mutant_T10R,VTKIFNRFDRNGDGQI,0.61,0.5,1.11,IL-5 inducer
seq2,Mutant_T10S,VTKIFNRFDSNGDGQI,0.61,0.5,1.11,IL-5 inducer
seq2,Mutant_T10V,VTKIFNRFDVNGDGQI,0.66,0.5,1.16,IL-5 inducer
seq2,Mutant_T10W,VTKIFNRFDWNGDGQI,0.66,0.5,1.16,IL-5 inducer
seq2,Mutant_T10Y,VTKIFNRFDYNGDGQI,0.63,0.5,1.13,IL-5 inducer
seq2,Mutant_N11A,VTKIFNRFDTAGDGQI,0.59,0.5,1.09,IL-5 inducer
seq2,Mutant_N11C,VTKIFNRFDTCGDGQI,0.64,0.5,1.14,IL-5 inducer
seq2,Mutant_N11D,VTKIFNRFDTDGDGQI,0.56,0.5,1.06,IL-5 inducer
seq2,Mutant_N11E,VTKIFNRFDTEGDGQI,0.6,0.5,1.1,IL-5 inducer
seq2,Mutant_N11F,VTKIFNRFDTFGDGQI,0.61,0.5,1.11,IL-5 inducer
seq2,Mutant_N11G,VTKIFNRFDTGGDGQI,0.61,0.5,1.11,IL-5 inducer
seq2,Mutant_N11H,VTKIFNRFDTHGDGQI,0.63,0.5,1.13,IL-5 inducer
seq2,Mutant_N11I,VTKIFNRFDTIGDGQI,0.59,0.5,1.09,IL-5 inducer
seq2,Mutant_N11K,VTKIFNRFDTKGDGQI,0.53,0.5,1.03,IL-5 inducer
seq2,Mutant_N11L,VTKIFNRFDTLGDGQI,0.6,0.5,1.1,IL-5 inducer
seq2,Mutant_N11M,VTKIFNRFDTMGDGQI,0.59,0.5,1.09,IL-5 inducer
seq2,Mutant_N11P,VTKIFNRFDTPGDGQI,0.55,0.5,1.05,IL-5 inducer
seq2,Mutant_N11Q,VTKIFNRFDTQGDGQI,0.58,0.5,1.08,IL-5 inducer
seq2,Mutant_N11R,VTKIFNRFDTRGDGQI,0.62,0.5,1.12,IL-5 inducer
seq2,Mutant_N11S,VTKIFNRFDTSGDGQI,0.64,0.5,1.14,IL-5 inducer
seq2,Mutant_N11T,VTKIFNRFDTTGDGQI,0.55,0.5,1.05,IL-5 inducer
seq2,Mutant_N11V,VTKIFNRFDTVGDGQI,0.62,0.5,1.12,IL-5 inducer
seq2,Mutant_N11W,VTKIFNRFDTWGDGQI,0.6,0.5,1.1,IL-5 inducer
seq2,Mutant_N11Y,VTKIFNRFDTYGDGQI,0.59,0.5,1.09,IL-5 inducer
seq2,Mutant_G12A,VTKIFNRFDTNADGQI,0.61,0.5,1.11,IL-5 inducer
seq2,Mutant_G12C,VTKIFNRFDTNCDGQI,0.64,0.5,1.14,IL-5 inducer
seq2,Mutant_G12D,VTKIFNRFDTNDDGQI,0.58,0.5,1.08,IL-5 inducer
seq2,Mutant_G12E,VTKIFNRFDTNEDGQI,0.56,0.5,1.06,IL-5 inducer
seq2,Mutant_G12F,VTKIFNRFDTNFDGQI,0.56,0.5,1.06,IL-5 inducer
seq2,Mutant_G12H,VTKIFNRFDTNHDGQI,0.63,0.5,1.13,IL-5 inducer
seq2,Mutant_G12I,VTKIFNRFDTNIDGQI,0.64,0.5,1.14,IL-5 inducer
seq2,Mutant_G12K,VTKIFNRFDTNKDGQI,0.62,0.5,1.12,IL-5 inducer
seq2,Mutant_G12L,VTKIFNRFDTNLDGQI,0.62,0.5,1.12,IL-5 inducer
seq2,Mutant_G12M,VTKIFNRFDTNMDGQI,0.61,0.5,1.11,IL-5 inducer
seq2,Mutant_G12N,VTKIFNRFDTNNDGQI,0.62,0.5,1.12,IL-5 inducer
seq2,Mutant_G12P,VTKIFNRFDTNPDGQI,0.56,0.5,1.06,IL-5 inducer
seq2,Mutant_G12Q,VTKIFNRFDTNQDGQI,0.6,0.5,1.1,IL-5 inducer
seq2,Mutant_G12R,VTKIFNRFDTNRDGQI,0.59,0.5,1.09,IL-5 inducer
seq2,Mutant_G12S,VTKIFNRFDTNSDGQI,0.57,0.5,1.07,IL-5 inducer
seq2,Mutant_G12T,VTKIFNRFDTNTDGQI,0.62,0.5,1.12,IL-5 inducer
seq2,Mutant_G12V,VTKIFNRFDTNVDGQI,0.62,0.5,1.12,IL-5 inducer
seq2,Mutant_G12W,VTKIFNRFDTNWDGQI,0.57,0.5,1.07,IL-5 inducer
seq2,Mutant_G12Y,VTKIFNRFDTNYDGQI,0.62,0.5,1.12,IL-5 inducer
seq2,Mutant_D13A,VTKIFNRFDTNGAGQI,0.57,0.5,1.07,IL-5 inducer
seq2,Mutant_D13C,VTKIFNRFDTNGCGQI,0.57,0.5,1.07,IL-5 inducer
seq2,Mutant_D13E,VTKIFNRFDTNGEGQI,0.62,0.5,1.12,IL-5 inducer
seq2,Mutant_D13F,VTKIFNRFDTNGFGQI,0.58,0.5,1.08,IL-5 inducer
seq2,Mutant_D13G,VTKIFNRFDTNGGGQI,0.6,0.5,1.1,IL-5 inducer
seq2,Mutant_D13H,VTKIFNRFDTNGHGQI,0.63,0.5,1.13,IL-5 inducer
seq2,Mutant_D13I,VTKIFNRFDTNGIGQI,0.6,0.5,1.1,IL-5 inducer
seq2,Mutant_D13K,VTKIFNRFDTNGKGQI,0.56,0.5,1.06,IL-5 inducer
seq2,Mutant_D13L,VTKIFNRFDTNGLGQI,0.64,0.5,1.14,IL-5 inducer
seq2,Mutant_D13M,VTKIFNRFDTNGMGQI,0.58,0.5,1.08,IL-5 inducer
seq2,Mutant_D13N,VTKIFNRFDTNGNGQI,0.63,0.5,1.13,IL-5 inducer
seq2,Mutant_D13P,VTKIFNRFDTNGPGQI,0.61,0.5,1.11,IL-5 inducer
seq2,Mutant_D13Q,VTKIFNRFDTNGQGQI,0.57,0.5,1.07,IL-5 inducer
seq2,Mutant_D13R,VTKIFNRFDTNGRGQI,0.6,0.5,1.1,IL-5 inducer
seq2,Mutant_D13S,VTKIFNRFDTNGSGQI,0.64,0.5,1.14,IL-5 inducer
seq2,Mutant_D13T,VTKIFNRFDTNGTGQI,0.62,0.5,1.12,IL-5 inducer
seq2,Mutant_D13V,VTKIFNRFDTNGVGQI,0.61,0.5,1.11,IL-5 inducer
seq2,Mutant_D13W,VTKIFNRFDTNGWGQI,0.62,0.5,1.12,IL-5 inducer
seq2,Mutant_D13Y,VTKIFNRFDTNGYGQI,0.58,0.5,1.08,IL-5 inducer
seq2,Mutant_G14A,VTKIFNRFDTNGDAQI,0.58,0.5,1.08,IL-5 inducer
seq2,Mutant_G14C,VTKIFNRFDTNGDCQI,0.64,0.5,1.14,IL-5 inducer
seq2,Mutant_G14D,VTKIFNRFDTNGDDQI,0.63,0.5,1.13,IL-5 inducer
seq2,Mutant_G14E,VTKIFNRFDTNGDEQI,0.6,0.5,1.1,IL-5 inducer
seq2,Mutant_G14F,VTKIFNRFDTNGDFQI,0.59,0.5,1.09,IL-5 inducer
seq2,Mutant_G14H,VTKIFNRFDTNGDHQI,0.64,0.5,1.14,IL-5 inducer
seq2,Mutant_G14I,VTKIFNRFDTNGDIQI,0.65,0.5,1.15,IL-5 inducer
seq2,Mutant_G14K,VTKIFNRFDTNGDKQI,0.6,0.5,1.1,IL-5 inducer
seq2,Mutant_G14L,VTKIFNRFDTNGDLQI,0.63,0.5,1.13,IL-5 inducer
seq2,Mutant_G14M,VTKIFNRFDTNGDMQI,0.6,0.5,1.1,IL-5 inducer
seq2,Mutant_G14N,VTKIFNRFDTNGDNQI,0.63,0.5,1.13,IL-5 inducer
seq2,Mutant_G14P,VTKIFNRFDTNGDPQI,0.63,0.5,1.13,IL-5 inducer
seq2,Mutant_G14Q,VTKIFNRFDTNGDQQI,0.62,0.5,1.12,IL-5 inducer
seq2,Mutant_G14R,VTKIFNRFDTNGDRQI,0.67,0.5,1.17,IL-5 inducer
seq2,Mutant_G14S,VTKIFNRFDTNGDSQI,0.63,0.5,1.13,IL-5 inducer
seq2,Mutant_G14T,VTKIFNRFDTNGDTQI,0.62,0.5,1.12,IL-5 inducer
seq2,Mutant_G14V,VTKIFNRFDTNGDVQI,0.63,0.5,1.13,IL-5 inducer
seq2,Mutant_G14W,VTKIFNRFDTNGDWQI,0.64,0.5,1.14,IL-5 inducer
seq2,Mutant_G14Y,VTKIFNRFDTNGDYQI,0.63,0.5,1.13,IL-5 inducer
seq2,Mutant_Q15A,VTKIFNRFDTNGDGAI,0.63,0.5,1.13,IL-5 inducer
seq2,Mutant_Q15C,VTKIFNRFDTNGDGCI,0.6,0.5,1.1,IL-5 inducer
seq2,Mutant_Q15D,VTKIFNRFDTNGDGDI,0.65,0.5,1.15,IL-5 inducer
seq2,Mutant_Q15E,VTKIFNRFDTNGDGEI,0.65,0.5,1.15,IL-5 inducer
seq2,Mutant_Q15F,VTKIFNRFDTNGDGFI,0.59,0.5,1.09,IL-5 inducer
seq2,Mutant_Q15G,VTKIFNRFDTNGDGGI,0.67,0.5,1.17,IL-5 inducer
seq2,Mutant_Q15H,VTKIFNRFDTNGDGHI,0.65,0.5,1.15,IL-5 inducer
seq2,Mutant_Q15I,VTKIFNRFDTNGDGII,0.67,0.5,1.17,IL-5 inducer
seq2,Mutant_Q15K,VTKIFNRFDTNGDGKI,0.65,0.5,1.15,IL-5 inducer
seq2,Mutant_Q15L,VTKIFNRFDTNGDGLI,0.65,0.5,1.15,IL-5 inducer
seq2,Mutant_Q15M,VTKIFNRFDTNGDGMI,0.66,0.5,1.16,IL-5 inducer
seq2,Mutant_Q15N,VTKIFNRFDTNGDGNI,0.68,0.5,1.18,IL-5 inducer
seq2,Mutant_Q15P,VTKIFNRFDTNGDGPI,0.63,0.5,1.13,IL-5 inducer
seq2,Mutant_Q15R,VTKIFNRFDTNGDGRI,0.61,0.5,1.11,IL-5 inducer
seq2,Mutant_Q15S,VTKIFNRFDTNGDGSI,0.64,0.5,1.14,IL-5 inducer
seq2,Mutant_Q15T,VTKIFNRFDTNGDGTI,0.65,0.5,1.15,IL-5 inducer
seq2,Mutant_Q15V,VTKIFNRFDTNGDGVI,0.61,0.5,1.11,IL-5 inducer
seq2,Mutant_Q15W,VTKIFNRFDTNGDGWI,0.64,0.5,1.14,IL-5 inducer
seq2,Mutant_Q15Y,VTKIFNRFDTNGDGYI,0.63,0.5,1.13,IL-5 inducer
seq2,Mutant_I16A,VTKIFNRFDTNGDGQA,0.65,0.5,1.15,IL-5 inducer
seq2,Mutant_I16C,VTKIFNRFDTNGDGQC,0.7,0.5,1.2,IL-5 inducer
seq2,Mutant_I16D,VTKIFNRFDTNGDGQD,0.68,0.5,1.18,IL-5 inducer
seq2,Mutant_I16E,VTKIFNRFDTNGDGQE,0.66,0.5,1.16,IL-5 inducer
seq2,Mutant_I16F,VTKIFNRFDTNGDGQF,0.68,0.5,1.18,IL-5 inducer
seq2,Mutant_I16G,VTKIFNRFDTNGDGQG,0.66,0.5,1.16,IL-5 inducer
seq2,Mutant_I16H,VTKIFNRFDTNGDGQH,0.69,0.5,1.19,IL-5 inducer
seq2,Mutant_I16K,VTKIFNRFDTNGDGQK,0.68,0.5,1.18,IL-5 inducer
seq2,Mutant_I16L,VTKIFNRFDTNGDGQL,0.67,0.5,1.17,IL-5 inducer
seq2,Mutant_I16M,VTKIFNRFDTNGDGQM,0.62,0.5,1.12,IL-5 inducer
seq2,Mutant_I16N,VTKIFNRFDTNGDGQN,0.69,0.5,1.19,IL-5 inducer
seq2,Mutant_I16P,VTKIFNRFDTNGDGQP,0.65,0.5,1.15,IL-5 inducer
seq2,Mutant_I16Q,VTKIFNRFDTNGDGQQ,0.66,0.5,1.16,IL-5 inducer
seq2,Mutant_I16R,VTKIFNRFDTNGDGQR,0.68,0.5,1.18,IL-5 inducer
seq2,Mutant_I16S,VTKIFNRFDTNGDGQS,0.69,0.5,1.19,IL-5 inducer
seq2,Mutant_I16T,VTKIFNRFDTNGDGQT,0.63,0.5,1.13,IL-5 inducer
seq2,Mutant_I16V,VTKIFNRFDTNGDGQV,0.67,0.5,1.17,IL-5 inducer
seq2,Mutant_I16W,VTKIFNRFDTNGDGQW,0.71,0.5,1.21,IL-5 inducer
seq2,Mutant_I16Y,VTKIFNRFDTNGDGQY,0.69,0.5,1.19,IL-5 inducer
seq3,Original,AFEPFGYLLTAAVSP,0.67,0.5,1.17,IL-5 inducer
seq3,Mutant_A1C,CFEPFGYLLTAAVSP,0.58,0.5,1.08,IL-5 inducer
seq3,Mutant_A1D,DFEPFGYLLTAAVSP,0.56,0.5,1.06,IL-5 inducer
seq3,Mutant_A1E,EFEPFGYLLTAAVSP,0.55,0.5,1.05,IL-5 inducer
seq3,Mutant_A1F,FFEPFGYLLTAAVSP,0.55,0.5,1.05,IL-5 inducer
seq3,Mutant_A1G,GFEPFGYLLTAAVSP,0.52,0.5,1.02,IL-5 inducer
seq3,Mutant_A1H,HFEPFGYLLTAAVSP,0.57,0.5,1.07,IL-5 inducer
seq3,Mutant_A1I,IFEPFGYLLTAAVSP,0.55,0.5,1.05,IL-5 inducer
seq3,Mutant_A1K,KFEPFGYLLTAAVSP,0.55,0.5,1.05,IL-5 inducer
seq3,Mutant_A1L,LFEPFGYLLTAAVSP,0.57,0.5,1.07,IL-5 inducer
seq3,Mutant_A1M,MFEPFGYLLTAAVSP,0.58,0.5,1.08,IL-5 inducer
seq3,Mutant_A1N,NFEPFGYLLTAAVSP,0.55,0.5,1.05,IL-5 inducer
seq3,Mutant_A1P,PFEPFGYLLTAAVSP,0.59,0.5,1.09,IL-5 inducer
seq3,Mutant_A1Q,QFEPFGYLLTAAVSP,0.46,0.5,0.96,IL-5 inducer
seq3,Mutant_A1R,RFEPFGYLLTAAVSP,0.55,0.5,1.05,IL-5 inducer
seq3,Mutant_A1S,SFEPFGYLLTAAVSP,0.59,0.5,1.09,IL-5 inducer
seq3,Mutant_A1T,TFEPFGYLLTAAVSP,0.55,0.5,1.05,IL-5 inducer
seq3,Mutant_A1V,VFEPFGYLLTAAVSP,0.55,0.5,1.05,IL-5 inducer
seq3,Mutant_A1W,WFEPFGYLLTAAVSP,0.57,0.5,1.07,IL-5 inducer
seq3,Mutant_A1Y,YFEPFGYLLTAAVSP,0.55,0.5,1.05,IL-5 inducer
seq3,Mutant_F2A,AAEPFGYLLTAAVSP,0.42,0.5,0.92,IL-5 inducer
seq3,Mutant_F2C,ACEPFGYLLTAAVSP,0.47,0.5,0.97,IL-5 inducer
seq3,Mutant_F2D,ADEPFGYLLTAAVSP,0.39,0.5,0.89,IL-5 inducer
seq3,Mutant_F2E,AEEPFGYLLTAAVSP,0.39,0.5,0.89,IL-5 inducer
seq3,Mutant_F2G,AGEPFGYLLTAAVSP,0.45,0.5,0.95,IL-5 inducer
seq3,Mutant_F2H,AHEPFGYLLTAAVSP,0.5,0.5,1.0,IL-5 inducer
seq3,Mutant_F2I,AIEPFGYLLTAAVSP,0.44,0.5,0.94,IL-5 inducer
seq3,Mutant_F2K,AKEPFGYLLTAAVSP,0.44,0.5,0.94,IL-5 inducer
seq3,Mutant_F2L,ALEPFGYLLTAAVSP,0.35,0.5,0.85,IL-5 inducer
seq3,Mutant_F2M,AMEPFGYLLTAAVSP,0.46,0.5,0.96,IL-5 inducer
seq3,Mutant_F2N,ANEPFGYLLTAAVSP,0.48,0.5,0.98,IL-5 inducer
seq3,Mutant_F2P,APEPFGYLLTAAVSP,0.4,0.5,0.9,IL-5 inducer
seq3,Mutant_F2Q,AQEPFGYLLTAAVSP,0.39,0.5,0.89,IL-5 inducer
seq3,Mutant_F2R,AREPFGYLLTAAVSP,0.47,0.5,0.97,IL-5 inducer
seq3,Mutant_F2S,ASEPFGYLLTAAVSP,0.42,0.5,0.92,IL-5 inducer
seq3,Mutant_F2T,ATEPFGYLLTAAVSP,0.47,0.5,0.97,IL-5 inducer
seq3,Mutant_F2V,AVEPFGYLLTAAVSP,0.46,0.5,0.96,IL-5 inducer
seq3,Mutant_F2W,AWEPFGYLLTAAVSP,0.5,0.5,1.0,IL-5 inducer
seq3,Mutant_F2Y,AYEPFGYLLTAAVSP,0.49,0.5,0.99,IL-5 inducer
seq3,Mutant_E3A,AFAPFGYLLTAAVSP,0.45,0.5,0.95,IL-5 inducer
seq3,Mutant_E3C,AFCPFGYLLTAAVSP,0.53,0.5,1.03,IL-5 inducer
seq3,Mutant_E3D,AFDPFGYLLTAAVSP,0.49,0.5,0.99,IL-5 inducer
seq3,Mutant_E3F,AFFPFGYLLTAAVSP,0.49,0.5,0.99,IL-5 inducer
seq3,Mutant_E3G,AFGPFGYLLTAAVSP,0.51,0.5,1.01,IL-5 inducer
seq3,Mutant_E3H,AFHPFGYLLTAAVSP,0.51,0.5,1.01,IL-5 inducer
seq3,Mutant_E3I,AFIPFGYLLTAAVSP,0.46,0.5,0.96,IL-5 inducer
seq3,Mutant_E3K,AFKPFGYLLTAAVSP,0.46,0.5,0.96,IL-5 inducer
seq3,Mutant_E3L,AFLPFGYLLTAAVSP,0.44,0.5,0.94,IL-5 inducer
seq3,Mutant_E3M,AFMPFGYLLTAAVSP,0.56,0.5,1.06,IL-5 inducer
seq3,Mutant_E3N,AFNPFGYLLTAAVSP,0.49,0.5,0.99,IL-5 inducer
seq3,Mutant_E3P,AFPPFGYLLTAAVSP,0.5,0.5,1.0,IL-5 inducer
seq3,Mutant_E3Q,AFQPFGYLLTAAVSP,0.48,0.5,0.98,IL-5 inducer
seq3,Mutant_E3R,AFRPFGYLLTAAVSP,0.47,0.5,0.97,IL-5 inducer
seq3,Mutant_E3S,AFSPFGYLLTAAVSP,0.51,0.5,1.01,IL-5 inducer
seq3,Mutant_E3T,AFTPFGYLLTAAVSP,0.43,0.5,0.93,IL-5 inducer
seq3,Mutant_E3V,AFVPFGYLLTAAVSP,0.47,0.5,0.97,IL-5 inducer
seq3,Mutant_E3W,AFWPFGYLLTAAVSP,0.52,0.5,1.02,IL-5 inducer
seq3,Mutant_E3Y,AFYPFGYLLTAAVSP,0.47,0.5,0.97,IL-5 inducer
seq3,Mutant_P4A,AFEAFGYLLTAAVSP,0.45,0.5,0.95,IL-5 inducer
seq3,Mutant_P4C,AFECFGYLLTAAVSP,0.48,0.5,0.98,IL-5 inducer
seq3,Mutant_P4D,AFEDFGYLLTAAVSP,0.42,0.5,0.92,IL-5 inducer
seq3,Mutant_P4E,AFEEFGYLLTAAVSP,0.41,0.5,0.91,IL-5 inducer
seq3,Mutant_P4F,AFEFFGYLLTAAVSP,0.43,0.5,0.93,IL-5 inducer
seq3,Mutant_P4G,AFEGFGYLLTAAVSP,0.41,0.5,0.91,IL-5 inducer
seq3,Mutant_P4H,AFEHFGYLLTAAVSP,0.45,0.5,0.95,IL-5 inducer
seq3,Mutant_P4I,AFEIFGYLLTAAVSP,0.43,0.5,0.93,IL-5 inducer
seq3,Mutant_P4K,AFEKFGYLLTAAVSP,0.42,0.5,0.92,IL-5 inducer
seq3,Mutant_P4L,AFELFGYLLTAAVSP,0.4,0.5,0.9,IL-5 inducer
seq3,Mutant_P4M,AFEMFGYLLTAAVSP,0.46,0.5,0.96,IL-5 inducer
seq3,Mutant_P4N,AFENFGYLLTAAVSP,0.43,0.5,0.93,IL-5 inducer
seq3,Mutant_P4Q,AFEQFGYLLTAAVSP,0.33,0.5,0.83,IL-5 inducer
seq3,Mutant_P4R,AFERFGYLLTAAVSP,0.41,0.5,0.91,IL-5 inducer
seq3,Mutant_P4S,AFESFGYLLTAAVSP,0.47,0.5,0.97,IL-5 inducer
seq3,Mutant_P4T,AFETFGYLLTAAVSP,0.4,0.5,0.9,IL-5 inducer
seq3,Mutant_P4V,AFEVFGYLLTAAVSP,0.34,0.5,0.84,IL-5 inducer
seq3,Mutant_P4W,AFEWFGYLLTAAVSP,0.45,0.5,0.95,IL-5 inducer
seq3,Mutant_P4Y,AFEYFGYLLTAAVSP,0.44,0.5,0.94,IL-5 inducer
seq3,Mutant_F5A,AFEPAGYLLTAAVSP,0.29,-0.5,-0.21,Non-IL-5 Inducer
seq3,Mutant_F5C,AFEPCGYLLTAAVSP,0.36,-0.5,-0.14,Non-IL-5 Inducer
seq3,Mutant_F5D,AFEPDGYLLTAAVSP,0.35,-0.5,-0.15,Non-IL-5 Inducer
seq3,Mutant_F5E,AFEPEGYLLTAAVSP,0.31,-0.5,-0.19,Non-IL-5 Inducer
seq3,Mutant_F5G,AFEPGGYLLTAAVSP,0.35,-0.5,-0.15,Non-IL-5 Inducer
seq3,Mutant_F5H,AFEPHGYLLTAAVSP,0.22,-0.5,-0.28,Non-IL-5 Inducer
seq3,Mutant_F5I,AFEPIGYLLTAAVSP,0.3,0.5,0.8,IL-5 inducer
seq3,Mutant_F5K,AFEPKGYLLTAAVSP,0.32,-0.5,-0.18,Non-IL-5 Inducer
seq3,Mutant_F5L,AFEPLGYLLTAAVSP,0.31,0.5,0.81,IL-5 inducer
seq3,Mutant_F5M,AFEPMGYLLTAAVSP,0.33,0.5,0.83,IL-5 inducer
seq3,Mutant_F5N,AFEPNGYLLTAAVSP,0.37,-0.5,-0.13,Non-IL-5 Inducer
seq3,Mutant_F5P,AFEPPGYLLTAAVSP,0.36,-0.5,-0.14,Non-IL-5 Inducer
seq3,Mutant_F5Q,AFEPQGYLLTAAVSP,0.33,-0.5,-0.17,Non-IL-5 Inducer
seq3,Mutant_F5R,AFEPRGYLLTAAVSP,0.32,-0.5,-0.18,Non-IL-5 Inducer
seq3,Mutant_F5S,AFEPSGYLLTAAVSP,0.33,-0.5,-0.17,Non-IL-5 Inducer
seq3,Mutant_F5T,AFEPTGYLLTAAVSP,0.31,-0.5,-0.19,Non-IL-5 Inducer
seq3,Mutant_F5V,AFEPVGYLLTAAVSP,0.27,-0.5,-0.23,Non-IL-5 Inducer
seq3,Mutant_F5W,AFEPWGYLLTAAVSP,0.35,0.5,0.85,IL-5 inducer
seq3,Mutant_F5Y,AFEPYGYLLTAAVSP,0.35,0.5,0.85,IL-5 inducer
seq3,Mutant_G6A,AFEPFAYLLTAAVSP,0.4,0.5,0.9,IL-5 inducer
seq3,Mutant_G6C,AFEPFCYLLTAAVSP,0.45,0.5,0.95,IL-5 inducer
seq3,Mutant_G6D,AFEPFDYLLTAAVSP,0.42,0.5,0.92,IL-5 inducer
seq3,Mutant_G6E,AFEPFEYLLTAAVSP,0.46,0.5,0.96,IL-5 inducer
seq3,Mutant_G6F,AFEPFFYLLTAAVSP,0.42,0.5,0.92,IL-5 inducer
seq3,Mutant_G6H,AFEPFHYLLTAAVSP,0.44,0.5,0.94,IL-5 inducer
seq3,Mutant_G6I,AFEPFIYLLTAAVSP,0.44,0.5,0.94,IL-5 inducer
seq3,Mutant_G6K,AFEPFKYLLTAAVSP,0.42,0.5,0.92,IL-5 inducer
seq3,Mutant_G6L,AFEPFLYLLTAAVSP,0.42,0.5,0.92,IL-5 inducer
seq3,Mutant_G6M,AFEPFMYLLTAAVSP,0.49,0.5,0.99,IL-5 inducer
seq3,Mutant_G6N,AFEPFNYLLTAAVSP,0.46,0.5,0.96,IL-5 inducer
seq3,Mutant_G6P,AFEPFPYLLTAAVSP,0.43,0.5,0.93,IL-5 inducer
seq3,Mutant_G6Q,AFEPFQYLLTAAVSP,0.45,0.5,0.95,IL-5 inducer
seq3,Mutant_G6R,AFEPFRYLLTAAVSP,0.4,0.5,0.9,IL-5 inducer
seq3,Mutant_G6S,AFEPFSYLLTAAVSP,0.4,0.5,0.9,IL-5 inducer
seq3,Mutant_G6T,AFEPFTYLLTAAVSP,0.42,0.5,0.92,IL-5 inducer
seq3,Mutant_G6V,AFEPFVYLLTAAVSP,0.4,0.5,0.9,IL-5 inducer
seq3,Mutant_G6W,AFEPFWYLLTAAVSP,0.43,0.5,0.93,IL-5 inducer
seq3,Mutant_G6Y,AFEPFYYLLTAAVSP,0.41,0.5,0.91,IL-5 inducer
seq3,Mutant_Y7A,AFEPFGALLTAAVSP,0.37,0.5,0.87,IL-5 inducer
seq3,Mutant_Y7C,AFEPFGCLLTAAVSP,0.44,0.5,0.94,IL-5 inducer
seq3,Mutant_Y7D,AFEPFGDLLTAAVSP,0.48,0.5,0.98,IL-5 inducer
seq3,Mutant_Y7E,AFEPFGELLTAAVSP,0.44,0.5,0.94,IL-5 inducer
seq3,Mutant_Y7F,AFEPFGFLLTAAVSP,0.45,0.5,0.95,IL-5 inducer
seq3,Mutant_Y7G,AFEPFGGLLTAAVSP,0.44,0.5,0.94,IL-5 inducer
seq3,Mutant_Y7H,AFEPFGHLLTAAVSP,0.47,0.5,0.97,IL-5 inducer
seq3,Mutant_Y7I,AFEPFGILLTAAVSP,0.45,0.5,0.95,IL-5 inducer
seq3,Mutant_Y7K,AFEPFGKLLTAAVSP,0.45,0.5,0.95,IL-5 inducer
seq3,Mutant_Y7L,AFEPFGLLLTAAVSP,0.45,0.5,0.95,IL-5 inducer
seq3,Mutant_Y7M,AFEPFGMLLTAAVSP,0.48,0.5,0.98,IL-5 inducer
seq3,Mutant_Y7N,AFEPFGNLLTAAVSP,0.48,0.5,0.98,IL-5 inducer
seq3,Mutant_Y7P,AFEPFGPLLTAAVSP,0.47,0.5,0.97,IL-5 inducer
seq3,Mutant_Y7Q,AFEPFGQLLTAAVSP,0.43,0.5,0.93,IL-5 inducer
seq3,Mutant_Y7R,AFEPFGRLLTAAVSP,0.49,0.5,0.99,IL-5 inducer
seq3,Mutant_Y7S,AFEPFGSLLTAAVSP,0.46,0.5,0.96,IL-5 inducer
seq3,Mutant_Y7T,AFEPFGTLLTAAVSP,0.46,0.5,0.96,IL-5 inducer
seq3,Mutant_Y7V,AFEPFGVLLTAAVSP,0.47,0.5,0.97,IL-5 inducer
seq3,Mutant_Y7W,AFEPFGWLLTAAVSP,0.48,0.5,0.98,IL-5 inducer
seq3,Mutant_L8A,AFEPFGYALTAAVSP,0.38,0.5,0.88,IL-5 inducer
seq3,Mutant_L8C,AFEPFGYCLTAAVSP,0.52,0.5,1.02,IL-5 inducer
seq3,Mutant_L8D,AFEPFGYDLTAAVSP,0.47,0.5,0.97,IL-5 inducer
seq3,Mutant_L8E,AFEPFGYELTAAVSP,0.44,0.5,0.94,IL-5 inducer
seq3,Mutant_L8F,AFEPFGYFLTAAVSP,0.45,0.5,0.95,IL-5 inducer
seq3,Mutant_L8G,AFEPFGYGLTAAVSP,0.44,0.5,0.94,IL-5 inducer
seq3,Mutant_L8H,AFEPFGYHLTAAVSP,0.46,0.5,0.96,IL-5 inducer
seq3,Mutant_L8I,AFEPFGYILTAAVSP,0.47,0.5,0.97,IL-5 inducer
seq3,Mutant_L8K,AFEPFGYKLTAAVSP,0.46,0.5,0.96,IL-5 inducer
seq3,Mutant_L8M,AFEPFGYMLTAAVSP,0.49,0.5,0.99,IL-5 inducer
seq3,Mutant_L8N,AFEPFGYNLTAAVSP,0.46,0.5,0.96,IL-5 inducer
seq3,Mutant_L8P,AFEPFGYPLTAAVSP,0.45,0.5,0.95,IL-5 inducer
seq3,Mutant_L8Q,AFEPFGYQLTAAVSP,0.44,0.5,0.94,IL-5 inducer
seq3,Mutant_L8R,AFEPFGYRLTAAVSP,0.5,0.5,1.0,IL-5 inducer
seq3,Mutant_L8S,AFEPFGYSLTAAVSP,0.45,0.5,0.95,IL-5 inducer
seq3,Mutant_L8T,AFEPFGYTLTAAVSP,0.46,0.5,0.96,IL-5 inducer
seq3,Mutant_L8V,AFEPFGYVLTAAVSP,0.46,0.5,0.96,IL-5 inducer
seq3,Mutant_L8W,AFEPFGYWLTAAVSP,0.47,0.5,0.97,IL-5 inducer
seq3,Mutant_L8Y,AFEPFGYYLTAAVSP,0.53,0.5,1.03,IL-5 inducer
seq3,Mutant_L9A,AFEPFGYLATAAVSP,0.43,0.5,0.93,IL-5 inducer
seq3,Mutant_L9C,AFEPFGYLCTAAVSP,0.45,0.5,0.95,IL-5 inducer
seq3,Mutant_L9D,AFEPFGYLDTAAVSP,0.46,0.5,0.96,IL-5 inducer
seq3,Mutant_L9E,AFEPFGYLETAAVSP,0.38,0.5,0.88,IL-5 inducer
seq3,Mutant_L9F,AFEPFGYLFTAAVSP,0.45,0.5,0.95,IL-5 inducer
seq3,Mutant_L9G,AFEPFGYLGTAAVSP,0.44,0.5,0.94,IL-5 inducer
seq3,Mutant_L9H,AFEPFGYLHTAAVSP,0.47,0.5,0.97,IL-5 inducer
seq3,Mutant_L9I,AFEPFGYLITAAVSP,0.45,0.5,0.95,IL-5 inducer
seq3,Mutant_L9K,AFEPFGYLKTAAVSP,0.38,0.5,0.88,IL-5 inducer
seq3,Mutant_L9M,AFEPFGYLMTAAVSP,0.46,0.5,0.96,IL-5 inducer
seq3,Mutant_L9N,AFEPFGYLNTAAVSP,0.44,0.5,0.94,IL-5 inducer
seq3,Mutant_L9P,AFEPFGYLPTAAVSP,0.38,0.5,0.88,IL-5 inducer
seq3,Mutant_L9Q,AFEPFGYLQTAAVSP,0.42,0.5,0.92,IL-5 inducer
seq3,Mutant_L9R,AFEPFGYLRTAAVSP,0.43,0.5,0.93,IL-5 inducer
seq3,Mutant_L9S,AFEPFGYLSTAAVSP,0.36,0.5,0.86,IL-5 inducer
seq3,Mutant_L9T,AFEPFGYLTTAAVSP,0.45,0.5,0.95,IL-5 inducer
seq3,Mutant_L9V,AFEPFGYLVTAAVSP,0.37,0.5,0.87,IL-5 inducer
seq3,Mutant_L9W,AFEPFGYLWTAAVSP,0.44,0.5,0.94,IL-5 inducer
seq3,Mutant_L9Y,AFEPFGYLYTAAVSP,0.46,0.5,0.96,IL-5 inducer
seq3,Mutant_T10A,AFEPFGYLLAAAVSP,0.47,0.5,0.97,IL-5 inducer
seq3,Mutant_T10C,AFEPFGYLLCAAVSP,0.47,0.5,0.97,IL-5 inducer
seq3,Mutant_T10D,AFEPFGYLLDAAVSP,0.42,0.5,0.92,IL-5 inducer
seq3,Mutant_T10E,AFEPFGYLLEAAVSP,0.4,0.5,0.9,IL-5 inducer
seq3,Mutant_T10F,AFEPFGYLLFAAVSP,0.47,0.5,0.97,IL-5 inducer
seq3,Mutant_T10G,AFEPFGYLLGAAVSP,0.43,0.5,0.93,IL-5 inducer
seq3,Mutant_T10H,AFEPFGYLLHAAVSP,0.48,0.5,0.98,IL-5 inducer
seq3,Mutant_T10I,AFEPFGYLLIAAVSP,0.49,0.5,0.99,IL-5 inducer
seq3,Mutant_T10K,AFEPFGYLLKAAVSP,0.44,0.5,0.94,IL-5 inducer
seq3,Mutant_T10L,AFEPFGYLLLAAVSP,0.48,0.5,0.98,IL-5 inducer
seq3,Mutant_T10M,AFEPFGYLLMAAVSP,0.48,0.5,0.98,IL-5 inducer
seq3,Mutant_T10N,AFEPFGYLLNAAVSP,0.48,0.5,0.98,IL-5 inducer
seq3,Mutant_T10P,AFEPFGYLLPAAVSP,0.4,0.5,0.9,IL-5 inducer
seq3,Mutant_T10Q,AFEPFGYLLQAAVSP,0.39,0.5,0.89,IL-5 inducer
seq3,Mutant_T10R,AFEPFGYLLRAAVSP,0.45,0.5,0.95,IL-5 inducer
seq3,Mutant_T10S,AFEPFGYLLSAAVSP,0.45,0.5,0.95,IL-5 inducer
seq3,Mutant_T10V,AFEPFGYLLVAAVSP,0.39,0.5,0.89,IL-5 inducer
seq3,Mutant_T10W,AFEPFGYLLWAAVSP,0.49,0.5,0.99,IL-5 inducer
seq3,Mutant_T10Y,AFEPFGYLLYAAVSP,0.46,0.5,0.96,IL-5 inducer
seq3,Mutant_A11C,AFEPFGYLLTCAVSP,0.47,0.5,0.97,IL-5 inducer
seq3,Mutant_A11D,AFEPFGYLLTDAVSP,0.37,0.5,0.87,IL-5 inducer
seq3,Mutant_A11E,AFEPFGYLLTEAVSP,0.46,0.5,0.96,IL-5 inducer
seq3,Mutant_A11F,AFEPFGYLLTFAVSP,0.45,0.5,0.95,IL-5 inducer
seq3,Mutant_A11G,AFEPFGYLLTGAVSP,0.44,0.5,0.94,IL-5 inducer
seq3,Mutant_A11H,AFEPFGYLLTHAVSP,0.46,0.5,0.96,IL-5 inducer
seq3,Mutant_A11I,AFEPFGYLLTIAVSP,0.46,0.5,0.96,IL-5 inducer
seq3,Mutant_A11K,AFEPFGYLLTKAVSP,0.42,0.5,0.92,IL-5 inducer
seq3,Mutant_A11L,AFEPFGYLLTLAVSP,0.45,0.5,0.95,IL-5 inducer
seq3,Mutant_A11M,AFEPFGYLLTMAVSP,0.5,0.5,1.0,IL-5 inducer
seq3,Mutant_A11N,AFEPFGYLLTNAVSP,0.49,0.5,0.99,IL-5 inducer
seq3,Mutant_A11P,AFEPFGYLLTPAVSP,0.39,0.5,0.89,IL-5 inducer
seq3,Mutant_A11Q,AFEPFGYLLTQAVSP,0.39,0.5,0.89,IL-5 inducer
seq3,Mutant_A11R,AFEPFGYLLTRAVSP,0.46,0.5,0.96,IL-5 inducer
seq3,Mutant_A11S,AFEPFGYLLTSAVSP,0.37,0.5,0.87,IL-5 inducer
seq3,Mutant_A11T,AFEPFGYLLTTAVSP,0.47,0.5,0.97,IL-5 inducer
seq3,Mutant_A11V,AFEPFGYLLTVAVSP,0.39,0.5,0.89,IL-5 inducer
seq3,Mutant_A11W,AFEPFGYLLTWAVSP,0.47,0.5,0.97,IL-5 inducer
seq3,Mutant_A11Y,AFEPFGYLLTYAVSP,0.45,0.5,0.95,IL-5 inducer
seq3,Mutant_A12C,AFEPFGYLLTACVSP,0.45,0.5,0.95,IL-5 inducer
seq3,Mutant_A12D,AFEPFGYLLTADVSP,0.37,0.5,0.87,IL-5 inducer
seq3,Mutant_A12E,AFEPFGYLLTAEVSP,0.33,0.5,0.83,IL-5 inducer
seq3,Mutant_A12F,AFEPFGYLLTAFVSP,0.46,0.5,0.96,IL-5 inducer
seq3,Mutant_A12G,AFEPFGYLLTAGVSP,0.42,0.5,0.92,IL-5 inducer
seq3,Mutant_A12H,AFEPFGYLLTAHVSP,0.48,0.5,0.98,IL-5 inducer
seq3,Mutant_A12I,AFEPFGYLLTAIVSP,0.42,0.5,0.92,IL-5 inducer
seq3,Mutant_A12K,AFEPFGYLLTAKVSP,0.48,0.5,0.98,IL-5 inducer
seq3,Mutant_A12L,AFEPFGYLLTALVSP,0.36,0.5,0.86,IL-5 inducer
seq3,Mutant_A12M,AFEPFGYLLTAMVSP,0.41,0.5,0.91,IL-5 inducer
seq3,Mutant_A12N,AFEPFGYLLTANVSP,0.42,0.5,0.92,IL-5 inducer
seq3,Mutant_A12P,AFEPFGYLLTAPVSP,0.38,0.5,0.88,IL-5 inducer
seq3,Mutant_A12Q,AFEPFGYLLTAQVSP,0.38,0.5,0.88,IL-5 inducer
seq3,Mutant_A12R,AFEPFGYLLTARVSP,0.4,0.5,0.9,IL-5 inducer
seq3,Mutant_A12S,AFEPFGYLLTASVSP,0.4,0.5,0.9,IL-5 inducer
seq3,Mutant_A12T,AFEPFGYLLTATVSP,0.41,0.5,0.91,IL-5 inducer
seq3,Mutant_A12V,AFEPFGYLLTAVVSP,0.47,0.5,0.97,IL-5 inducer
seq3,Mutant_A12W,AFEPFGYLLTAWVSP,0.47,0.5,0.97,IL-5 inducer
seq3,Mutant_A12Y,AFEPFGYLLTAYVSP,0.46,0.5,0.96,IL-5 inducer
seq3,Mutant_V13A,AFEPFGYLLTAAASP,0.46,0.5,0.96,IL-5 inducer
seq3,Mutant_V13C,AFEPFGYLLTAACSP,0.5,0.5,1.0,IL-5 inducer
seq3,Mutant_V13D,AFEPFGYLLTAADSP,0.45,0.5,0.95,IL-5 inducer
seq3,Mutant_V13E,AFEPFGYLLTAAESP,0.45,0.5,0.95,IL-5 inducer
seq3,Mutant_V13F,AFEPFGYLLTAAFSP,0.53,0.5,1.03,IL-5 inducer
seq3,Mutant_V13G,AFEPFGYLLTAAGSP,0.46,0.5,0.96,IL-5 inducer
seq3,Mutant_V13H,AFEPFGYLLTAAHSP,0.53,0.5,1.03,IL-5 inducer
seq3,Mutant_V13I,AFEPFGYLLTAAISP,0.47,0.5,0.97,IL-5 inducer
seq3,Mutant_V13K,AFEPFGYLLTAAKSP,0.48,0.5,0.98,IL-5 inducer
seq3,Mutant_V13L,AFEPFGYLLTAALSP,0.43,0.5,0.93,IL-5 inducer
seq3,Mutant_V13M,AFEPFGYLLTAAMSP,0.47,0.5,0.97,IL-5 inducer
seq3,Mutant_V13N,AFEPFGYLLTAANSP,0.51,0.5,1.01,IL-5 inducer
seq3,Mutant_V13P,AFEPFGYLLTAAPSP,0.46,0.5,0.96,IL-5 inducer
seq3,Mutant_V13Q,AFEPFGYLLTAAQSP,0.43,0.5,0.93,IL-5 inducer
seq3,Mutant_V13R,AFEPFGYLLTAARSP,0.5,0.5,1.0,IL-5 inducer
seq3,Mutant_V13S,AFEPFGYLLTAASSP,0.47,0.5,0.97,IL-5 inducer
seq3,Mutant_V13T,AFEPFGYLLTAATSP,0.41,0.5,0.91,IL-5 inducer
seq3,Mutant_V13W,AFEPFGYLLTAAWSP,0.55,0.5,1.05,IL-5 inducer
seq3,Mutant_V13Y,AFEPFGYLLTAAYSP,0.48,0.5,0.98,IL-5 inducer
seq3,Mutant_S14A,AFEPFGYLLTAAVAP,0.42,0.5,0.92,IL-5 inducer
seq3,Mutant_S14C,AFEPFGYLLTAAVCP,0.5,0.5,1.0,IL-5 inducer
seq3,Mutant_S14D,AFEPFGYLLTAAVDP,0.49,0.5,0.99,IL-5 inducer
seq3,Mutant_S14E,AFEPFGYLLTAAVEP,0.5,0.5,1.0,IL-5 inducer
seq3,Mutant_S14F,AFEPFGYLLTAAVFP,0.48,0.5,0.98,IL-5 inducer
seq3,Mutant_S14G,AFEPFGYLLTAAVGP,0.46,0.5,0.96,IL-5 inducer
seq3,Mutant_S14H,AFEPFGYLLTAAVHP,0.48,0.5,0.98,IL-5 inducer
seq3,Mutant_S14I,AFEPFGYLLTAAVIP,0.45,0.5,0.95,IL-5 inducer
seq3,Mutant_S14K,AFEPFGYLLTAAVKP,0.44,0.5,0.94,IL-5 inducer
seq3,Mutant_S14L,AFEPFGYLLTAAVLP,0.43,0.5,0.93,IL-5 inducer
seq3,Mutant_S14M,AFEPFGYLLTAAVMP,0.53,0.5,1.03,IL-5 inducer
seq3,Mutant_S14N,AFEPFGYLLTAAVNP,0.46,0.5,0.96,IL-5 inducer
seq3,Mutant_S14P,AFEPFGYLLTAAVPP,0.48,0.5,0.98,IL-5 inducer
seq3,Mutant_S14Q,AFEPFGYLLTAAVQP,0.45,0.5,0.95,IL-5 inducer
seq3,Mutant_S14R,AFEPFGYLLTAAVRP,0.49,0.5,0.99,IL-5 inducer
seq3,Mutant_S14T,AFEPFGYLLTAAVTP,0.39,0.5,0.89,IL-5 inducer
seq3,Mutant_S14V,AFEPFGYLLTAAVVP,0.42,0.5,0.92,IL-5 inducer
seq3,Mutant_S14W,AFEPFGYLLTAAVWP,0.48,0.5,0.98,IL-5 inducer
seq3,Mutant_S14Y,AFEPFGYLLTAAVYP,0.48,0.5,0.98,IL-5 inducer
seq3,Mutant_P15A,AFEPFGYLLTAAVSA,0.53,0.5,1.03,IL-5 inducer
seq3,Mutant_P15C,AFEPFGYLLTAAVSC,0.58,0.5,1.08,IL-5 inducer
seq3,Mutant_P15D,AFEPFGYLLTAAVSD,0.53,0.5,1.03,IL-5 inducer
seq3,Mutant_P15E,AFEPFGYLLTAAVSE,0.55,0.5,1.05,IL-5 inducer
seq3,Mutant_P15F,AFEPFGYLLTAAVSF,0.59,0.5,1.09,IL-5 inducer
seq3,Mutant_P15G,AFEPFGYLLTAAVSG,0.55,0.5,1.05,IL-5 inducer
seq3,Mutant_P15H,AFEPFGYLLTAAVSH,0.58,0.5,1.08,IL-5 inducer
seq3,Mutant_P15I,AFEPFGYLLTAAVSI,0.55,0.5,1.05,IL-5 inducer
seq3,Mutant_P15K,AFEPFGYLLTAAVSK,0.53,0.5,1.03,IL-5 inducer
seq3,Mutant_P15L,AFEPFGYLLTAAVSL,0.55,0.5,1.05,IL-5 inducer
seq3,Mutant_P15M,AFEPFGYLLTAAVSM,0.55,0.5,1.05,IL-5 inducer
seq3,Mutant_P15N,AFEPFGYLLTAAVSN,0.54,0.5,1.04,IL-5 inducer
seq3,Mutant_P15Q,AFEPFGYLLTAAVSQ,0.57,0.5,1.07,IL-5 inducer
seq3,Mutant_P15R,AFEPFGYLLTAAVSR,0.58,0.5,1.08,IL-5 inducer
seq3,Mutant_P15S,AFEPFGYLLTAAVSS,0.56,0.5,1.06,IL-5 inducer
seq3,Mutant_P15T,AFEPFGYLLTAAVST,0.46,0.5,0.96,IL-5 inducer
seq3,Mutant_P15V,AFEPFGYLLTAAVSV,0.52,0.5,1.02,IL-5 inducer
seq3,Mutant_P15W,AFEPFGYLLTAAVSW,0.52,0.5,1.02,IL-5 inducer
seq3,Mutant_P15Y,AFEPFGYLLTAAVSY,0.55,0.5,1.05,IL-5 inducer
seq4,Original,TIQKRGAAVISARKL,0.07,-0.5,-0.43,Non-IL-5 Inducer
seq4,Mutant_T1A,AIQKRGAAVISARKL,0.09,-0.5,-0.41,Non-IL-5 Inducer
seq4,Mutant_T1C,CIQKRGAAVISARKL,0.1,-0.5,-0.4,Non-IL-5 Inducer
seq4,Mutant_T1D,DIQKRGAAVISARKL,0.11,-0.5,-0.39,Non-IL-5 Inducer
seq4,Mutant_T1E,EIQKRGAAVISARKL,0.1,-0.5,-0.4,Non-IL-5 Inducer
seq4,Mutant_T1F,FIQKRGAAVISARKL,0.11,-0.5,-0.39,Non-IL-5 Inducer
seq4,Mutant_T1G,GIQKRGAAVISARKL,0.1,-0.5,-0.4,Non-IL-5 Inducer
seq4,Mutant_T1H,HIQKRGAAVISARKL,0.1,-0.5,-0.4,Non-IL-5 Inducer
seq4,Mutant_T1I,IIQKRGAAVISARKL,0.11,-0.5,-0.39,Non-IL-5 Inducer
seq4,Mutant_T1K,KIQKRGAAVISARKL,0.11,-0.5,-0.39,Non-IL-5 Inducer
seq4,Mutant_T1L,LIQKRGAAVISARKL,0.1,-0.5,-0.4,Non-IL-5 Inducer
seq4,Mutant_T1M,MIQKRGAAVISARKL,0.1,-0.5,-0.4,Non-IL-5 Inducer
seq4,Mutant_T1N,NIQKRGAAVISARKL,0.09,-0.5,-0.41,Non-IL-5 Inducer
seq4,Mutant_T1P,PIQKRGAAVISARKL,0.1,-0.5,-0.4,Non-IL-5 Inducer
seq4,Mutant_T1Q,QIQKRGAAVISARKL,0.1,-0.5,-0.4,Non-IL-5 Inducer
seq4,Mutant_T1R,RIQKRGAAVISARKL,0.11,-0.5,-0.39,Non-IL-5 Inducer
seq4,Mutant_T1S,SIQKRGAAVISARKL,0.13,-0.5,-0.37,Non-IL-5 Inducer
seq4,Mutant_T1V,VIQKRGAAVISARKL,0.12,-0.5,-0.38,Non-IL-5 Inducer
seq4,Mutant_T1W,WIQKRGAAVISARKL,0.14,-0.5,-0.36,Non-IL-5 Inducer
seq4,Mutant_T1Y,YIQKRGAAVISARKL,0.1,-0.5,-0.4,Non-IL-5 Inducer
seq4,Mutant_I2A,TAQKRGAAVISARKL,0.12,-0.5,-0.38,Non-IL-5 Inducer
seq4,Mutant_I2C,TCQKRGAAVISARKL,0.16,-0.5,-0.34,Non-IL-5 Inducer
seq4,Mutant_I2D,TDQKRGAAVISARKL,0.13,-0.5,-0.37,Non-IL-5 Inducer
seq4,Mutant_I2E,TEQKRGAAVISARKL,0.17,-0.5,-0.33,Non-IL-5 Inducer
seq4,Mutant_I2F,TFQKRGAAVISARKL,0.14,-0.5,-0.36,Non-IL-5 Inducer
seq4,Mutant_I2G,TGQKRGAAVISARKL,0.12,-0.5,-0.38,Non-IL-5 Inducer
seq4,Mutant_I2H,THQKRGAAVISARKL,0.1,-0.5,-0.4,Non-IL-5 Inducer
seq4,Mutant_I2K,TKQKRGAAVISARKL,0.13,-0.5,-0.37,Non-IL-5 Inducer
seq4,Mutant_I2L,TLQKRGAAVISARKL,0.14,-0.5,-0.36,Non-IL-5 Inducer
seq4,Mutant_I2M,TMQKRGAAVISARKL,0.13,-0.5,-0.37,Non-IL-5 Inducer
seq4,Mutant_I2N,TNQKRGAAVISARKL,0.16,-0.5,-0.34,Non-IL-5 Inducer
seq4,Mutant_I2P,TPQKRGAAVISARKL,0.11,-0.5,-0.39,Non-IL-5 Inducer
seq4,Mutant_I2Q,TQQKRGAAVISARKL,0.12,-0.5,-0.38,Non-IL-5 Inducer
seq4,Mutant_I2R,TRQKRGAAVISARKL,0.15,-0.5,-0.35,Non-IL-5 Inducer
seq4,Mutant_I2S,TSQKRGAAVISARKL,0.15,-0.5,-0.35,Non-IL-5 Inducer
seq4,Mutant_I2T,TTQKRGAAVISARKL,0.13,-0.5,-0.37,Non-IL-5 Inducer
seq4,Mutant_I2V,TVQKRGAAVISARKL,0.11,-0.5,-0.39,Non-IL-5 Inducer
seq4,Mutant_I2W,TWQKRGAAVISARKL,0.1,-0.5,-0.4,Non-IL-5 Inducer
seq4,Mutant_I2Y,TYQKRGAAVISARKL,0.14,-0.5,-0.36,Non-IL-5 Inducer
seq4,Mutant_Q3A,TIAKRGAAVISARKL,0.14,-0.5,-0.36,Non-IL-5 Inducer
seq4,Mutant_Q3C,TICKRGAAVISARKL,0.12,-0.5,-0.38,Non-IL-5 Inducer
seq4,Mutant_Q3D,TIDKRGAAVISARKL,0.15,-0.5,-0.35,Non-IL-5 Inducer
seq4,Mutant_Q3E,TIEKRGAAVISARKL,0.13,-0.5,-0.37,Non-IL-5 Inducer
seq4,Mutant_Q3F,TIFKRGAAVISARKL,0.17,-0.5,-0.33,Non-IL-5 Inducer
seq4,Mutant_Q3G,TIGKRGAAVISARKL,0.11,-0.5,-0.39,Non-IL-5 Inducer
seq4,Mutant_Q3H,TIHKRGAAVISARKL,0.14,-0.5,-0.36,Non-IL-5 Inducer
seq4,Mutant_Q3I,TIIKRGAAVISARKL,0.15,-0.5,-0.35,Non-IL-5 Inducer
seq4,Mutant_Q3K,TIKKRGAAVISARKL,0.16,-0.5,-0.34,Non-IL-5 Inducer
seq4,Mutant_Q3L,TILKRGAAVISARKL,0.16,-0.5,-0.34,Non-IL-5 Inducer
seq4,Mutant_Q3M,TIMKRGAAVISARKL,0.11,-0.5,-0.39,Non-IL-5 Inducer
seq4,Mutant_Q3N,TINKRGAAVISARKL,0.14,-0.5,-0.36,Non-IL-5 Inducer
seq4,Mutant_Q3P,TIPKRGAAVISARKL,0.11,-0.5,-0.39,Non-IL-5 Inducer
seq4,Mutant_Q3R,TIRKRGAAVISARKL,0.14,-0.5,-0.36,Non-IL-5 Inducer
seq4,Mutant_Q3S,TISKRGAAVISARKL,0.12,-0.5,-0.38,Non-IL-5 Inducer
seq4,Mutant_Q3T,TITKRGAAVISARKL,0.13,-0.5,-0.37,Non-IL-5 Inducer
seq4,Mutant_Q3V,TIVKRGAAVISARKL,0.17,-0.5,-0.33,Non-IL-5 Inducer
seq4,Mutant_Q3W,TIWKRGAAVISARKL,0.14,-0.5,-0.36,Non-IL-5 Inducer
seq4,Mutant_Q3Y,TIYKRGAAVISARKL,0.15,-0.5,-0.35,Non-IL-5 Inducer
seq4,Mutant_K4A,TIQARGAAVISARKL,0.11,-0.5,-0.39,Non-IL-5 Inducer
seq4,Mutant_K4C,TIQCRGAAVISARKL,0.14,-0.5,-0.36,Non-IL-5 Inducer
seq4,Mutant_K4D,TIQDRGAAVISARKL,0.11,-0.5,-0.39,Non-IL-5 Inducer
seq4,Mutant_K4E,TIQERGAAVISARKL,0.12,-0.5,-0.38,Non-IL-5 Inducer
seq4,Mutant_K4F,TIQFRGAAVISARKL,0.13,-0.5,-0.37,Non-IL-5 Inducer
seq4,Mutant_K4G,TIQGRGAAVISARKL,0.17,-0.5,-0.33,Non-IL-5 Inducer
seq4,Mutant_K4H,TIQHRGAAVISARKL,0.12,-0.5,-0.38,Non-IL-5 Inducer
seq4,Mutant_K4I,TIQIRGAAVISARKL,0.11,-0.5,-0.39,Non-IL-5 Inducer
seq4,Mutant_K4L,TIQLRGAAVISARKL,0.11,-0.5,-0.39,Non-IL-5 Inducer
seq4,Mutant_K4M,TIQMRGAAVISARKL,0.11,-0.5,-0.39,Non-IL-5 Inducer
seq4,Mutant_K4N,TIQNRGAAVISARKL,0.14,-0.5,-0.36,Non-IL-5 Inducer
seq4,Mutant_K4P,TIQPRGAAVISARKL,0.12,-0.5,-0.38,Non-IL-5 Inducer
seq4,Mutant_K4Q,TIQQRGAAVISARKL,0.1,-0.5,-0.4,Non-IL-5 Inducer
seq4,Mutant_K4R,TIQRRGAAVISARKL,0.09,-0.5,-0.41,Non-IL-5 Inducer
seq4,Mutant_K4S,TIQSRGAAVISARKL,0.12,-0.5,-0.38,Non-IL-5 Inducer
seq4,Mutant_K4T,TIQTRGAAVISARKL,0.1,-0.5,-0.4,Non-IL-5 Inducer
seq4,Mutant_K4V,TIQVRGAAVISARKL,0.11,-0.5,-0.39,Non-IL-5 Inducer
seq4,Mutant_K4W,TIQWRGAAVISARKL,0.12,-0.5,-0.38,Non-IL-5 Inducer
seq4,Mutant_K4Y,TIQYRGAAVISARKL,0.14,-0.5,-0.36,Non-IL-5 Inducer
seq4,Mutant_R5A,TIQKAGAAVISARKL,0.12,-0.5,-0.38,Non-IL-5 Inducer
seq4,Mutant_R5C,TIQKCGAAVISARKL,0.12,-0.5,-0.38,Non-IL-5 Inducer
seq4,Mutant_R5D,TIQKDGAAVISARKL,0.07,-0.5,-0.43,Non-IL-5 Inducer
seq4,Mutant_R5E,TIQKEGAAVISARKL,0.12,-0.5,-0.38,Non-IL-5 Inducer
seq4,Mutant_R5F,TIQKFGAAVISARKL,0.1,-0.5,-0.4,Non-IL-5 Inducer
seq4,Mutant_R5G,TIQKGGAAVISARKL,0.13,-0.5,-0.37,Non-IL-5 Inducer
seq4,Mutant_R5H,TIQKHGAAVISARKL,0.13,-0.5,-0.37,Non-IL-5 Inducer
seq4,Mutant_R5I,TIQKIGAAVISARKL,0.12,-0.5,-0.38,Non-IL-5 Inducer
seq4,Mutant_R5K,TIQKKGAAVISARKL,0.11,-0.5,-0.39,Non-IL-5 Inducer
seq4,Mutant_R5L,TIQKLGAAVISARKL,0.11,-0.5,-0.39,Non-IL-5 Inducer
seq4,Mutant_R5M,TIQKMGAAVISARKL,0.11,-0.5,-0.39,Non-IL-5 Inducer
seq4,Mutant_R5N,TIQKNGAAVISARKL,0.13,-0.5,-0.37,Non-IL-5 Inducer
seq4,Mutant_R5P,TIQKPGAAVISARKL,0.09,-0.5,-0.41,Non-IL-5 Inducer
seq4,Mutant_R5Q,TIQKQGAAVISARKL,0.15,-0.5,-0.35,Non-IL-5 Inducer
seq4,Mutant_R5S,TIQKSGAAVISARKL,0.12,-0.5,-0.38,Non-IL-5 Inducer
seq4,Mutant_R5T,TIQKTGAAVISARKL,0.1,-0.5,-0.4,Non-IL-5 Inducer
seq4,Mutant_R5V,TIQKVGAAVISARKL,0.12,-0.5,-0.38,Non-IL-5 Inducer
seq4,Mutant_R5W,TIQKWGAAVISARKL,0.13,-0.5,-0.37,Non-IL-5 Inducer
seq4,Mutant_R5Y,TIQKYGAAVISARKL,0.11,-0.5,-0.39,Non-IL-5 Inducer
seq4,Mutant_G6A,TIQKRAAAVISARKL,0.1,-0.5,-0.4,Non-IL-5 Inducer
seq4,Mutant_G6C,TIQKRCAAVISARKL,0.15,-0.5,-0.35,Non-IL-5 Inducer
seq4,Mutant_G6D,TIQKRDAAVISARKL,0.1,-0.5,-0.4,Non-IL-5 Inducer
seq4,Mutant_G6E,TIQKREAAVISARKL,0.12,-0.5,-0.38,Non-IL-5 Inducer
seq4,Mutant_G6F,TIQKRFAAVISARKL,0.1,-0.5,-0.4,Non-IL-5 Inducer
seq4,Mutant_G6H,TIQKRHAAVISARKL,0.11,-0.5,-0.39,Non-IL-5 Inducer
seq4,Mutant_G6I,TIQKRIAAVISARKL,0.11,-0.5,-0.39,Non-IL-5 Inducer
seq4,Mutant_G6K,TIQKRKAAVISARKL,0.1,-0.5,-0.4,Non-IL-5 Inducer
seq4,Mutant_G6L,TIQKRLAAVISARKL,0.11,-0.5,-0.39,Non-IL-5 Inducer
seq4,Mutant_G6M,TIQKRMAAVISARKL,0.1,-0.5,-0.4,Non-IL-5 Inducer
seq4,Mutant_G6N,TIQKRNAAVISARKL,0.09,-0.5,-0.41,Non-IL-5 Inducer
seq4,Mutant_G6P,TIQKRPAAVISARKL,0.09,-0.5,-0.41,Non-IL-5 Inducer
seq4,Mutant_G6Q,TIQKRQAAVISARKL,0.1,-0.5,-0.4,Non-IL-5 Inducer
seq4,Mutant_G6R,TIQKRRAAVISARKL,0.09,-0.5,-0.41,Non-IL-5 Inducer
seq4,Mutant_G6S,TIQKRSAAVISARKL,0.09,-0.5,-0.41,Non-IL-5 Inducer
seq4,Mutant_G6T,TIQKRTAAVISARKL,0.08,-0.5,-0.42,Non-IL-5 Inducer
seq4,Mutant_G6V,TIQKRVAAVISARKL,0.11,-0.5,-0.39,Non-IL-5 Inducer
seq4,Mutant_G6W,TIQKRWAAVISARKL,0.1,-0.5,-0.4,Non-IL-5 Inducer
seq4,Mutant_G6Y,TIQKRYAAVISARKL,0.15,-0.5,-0.35,Non-IL-5 Inducer
seq4,Mutant_A7C,TIQKRGCAVISARKL,0.1,-0.5,-0.4,Non-IL-5 Inducer
seq4,Mutant_A7D,TIQKRGDAVISARKL,0.13,-0.5,-0.37,Non-IL-5 Inducer
seq4,Mutant_A7E,TIQKRGEAVISARKL,0.15,-0.5,-0.35,Non-IL-5 Inducer
seq4,Mutant_A7F,TIQKRGFAVISARKL,0.15,-0.5,-0.35,Non-IL-5 Inducer
seq4,Mutant_A7G,TIQKRGGAVISARKL,0.15,-0.5,-0.35,Non-IL-5 Inducer
seq4,Mutant_A7H,TIQKRGHAVISARKL,0.12,-0.5,-0.38,Non-IL-5 Inducer
seq4,Mutant_A7I,TIQKRGIAVISARKL,0.13,-0.5,-0.37,Non-IL-5 Inducer
seq4,Mutant_A7K,TIQKRGKAVISARKL,0.09,-0.5,-0.41,Non-IL-5 Inducer
seq4,Mutant_A7L,TIQKRGLAVISARKL,0.14,-0.5,-0.36,Non-IL-5 Inducer
seq4,Mutant_A7M,TIQKRGMAVISARKL,0.11,-0.5,-0.39,Non-IL-5 Inducer
seq4,Mutant_A7N,TIQKRGNAVISARKL,0.15,-0.5,-0.35,Non-IL-5 Inducer
seq4,Mutant_A7P,TIQKRGPAVISARKL,0.11,-0.5,-0.39,Non-IL-5 Inducer
seq4,Mutant_A7Q,TIQKRGQAVISARKL,0.1,-0.5,-0.4,Non-IL-5 Inducer
seq4,Mutant_A7R,TIQKRGRAVISARKL,0.17,-0.5,-0.33,Non-IL-5 Inducer
seq4,Mutant_A7S,TIQKRGSAVISARKL,0.13,-0.5,-0.37,Non-IL-5 Inducer
seq4,Mutant_A7T,TIQKRGTAVISARKL,0.12,-0.5,-0.38,Non-IL-5 Inducer
seq4,Mutant_A7V,TIQKRGVAVISARKL,0.15,-0.5,-0.35,Non-IL-5 Inducer
seq4,Mutant_A7W,TIQKRGWAVISARKL,0.1,-0.5,-0.4,Non-IL-5 Inducer
seq4,Mutant_A7Y,TIQKRGYAVISARKL,0.13,-0.5,-0.37,Non-IL-5 Inducer
seq4,Mutant_A8C,TIQKRGACVISARKL,0.14,-0.5,-0.36,Non-IL-5 Inducer
seq4,Mutant_A8D,TIQKRGADVISARKL,0.13,-0.5,-0.37,Non-IL-5 Inducer
seq4,Mutant_A8E,TIQKRGAEVISARKL,0.14,-0.5,-0.36,Non-IL-5 Inducer
seq4,Mutant_A8F,TIQKRGAFVISARKL,0.22,-0.5,-0.28,Non-IL-5 Inducer
seq4,Mutant_A8G,TIQKRGAGVISARKL,0.15,-0.5,-0.35,Non-IL-5 Inducer
seq4,Mutant_A8H,TIQKRGAHVISARKL,0.18,-0.5,-0.32,Non-IL-5 Inducer
seq4,Mutant_A8I,TIQKRGAIVISARKL,0.18,-0.5,-0.32,Non-IL-5 Inducer
seq4,Mutant_A8K,TIQKRGAKVISARKL,0.2,-0.5,-0.3,Non-IL-5 Inducer
seq4,Mutant_A8L,TIQKRGALVISARKL,0.18,-0.5,-0.32,Non-IL-5 Inducer
seq4,Mutant_A8M,TIQKRGAMVISARKL,0.15,-0.5,-0.35,Non-IL-5 Inducer
seq4,Mutant_A8N,TIQKRGANVISARKL,0.17,-0.5,-0.33,Non-IL-5 Inducer
seq4,Mutant_A8P,TIQKRGAPVISARKL,0.15,-0.5,-0.35,Non-IL-5 Inducer
seq4,Mutant_A8Q,TIQKRGAQVISARKL,0.15,-0.5,-0.35,Non-IL-5 Inducer
seq4,Mutant_A8R,TIQKRGARVISARKL,0.19,-0.5,-0.31,Non-IL-5 Inducer
seq4,Mutant_A8S,TIQKRGASVISARKL,0.17,-0.5,-0.33,Non-IL-5 Inducer
seq4,Mutant_A8T,TIQKRGATVISARKL,0.16,-0.5,-0.34,Non-IL-5 Inducer
seq4,Mutant_A8V,TIQKRGAVVISARKL,0.13,-0.5,-0.37,Non-IL-5 Inducer
seq4,Mutant_A8W,TIQKRGAWVISARKL,0.16,-0.5,-0.34,Non-IL-5 Inducer
seq4,Mutant_A8Y,TIQKRGAYVISARKL,0.18,-0.5,-0.32,Non-IL-5 Inducer
seq4,Mutant_V9A,TIQKRGAAAISARKL,0.12,-0.5,-0.38,Non-IL-5 Inducer
seq4,Mutant_V9C,TIQKRGAACISARKL,0.13,-0.5,-0.37,Non-IL-5 Inducer
seq4,Mutant_V9D,TIQKRGAADISARKL,0.12,-0.5,-0.38,Non-IL-5 Inducer
seq4,Mutant_V9E,TIQKRGAAEISARKL,0.13,-0.5,-0.37,Non-IL-5 Inducer
seq4,Mutant_V9F,TIQKRGAAFISARKL,0.18,-0.5,-0.32,Non-IL-5 Inducer
seq4,Mutant_V9G,TIQKRGAAGISARKL,0.11,-0.5,-0.39,Non-IL-5 Inducer
seq4,Mutant_V9H,TIQKRGAAHISARKL,0.14,-0.5,-0.36,Non-IL-5 Inducer
seq4,Mutant_V9I,TIQKRGAAIISARKL,0.13,-0.5,-0.37,Non-IL-5 Inducer
seq4,Mutant_V9K,TIQKRGAAKISARKL,0.14,-0.5,-0.36,Non-IL-5 Inducer
seq4,Mutant_V9L,TIQKRGAALISARKL,0.13,-0.5,-0.37,Non-IL-5 Inducer
seq4,Mutant_V9M,TIQKRGAAMISARKL,0.1,-0.5,-0.4,Non-IL-5 Inducer
seq4,Mutant_V9N,TIQKRGAANISARKL,0.11,-0.5,-0.39,Non-IL-5 Inducer
seq4,Mutant_V9P,TIQKRGAAPISARKL,0.14,-0.5,-0.36,Non-IL-5 Inducer
seq4,Mutant_V9Q,TIQKRGAAQISARKL,0.1,-0.5,-0.4,Non-IL-5 Inducer
seq4,Mutant_V9R,TIQKRGAARISARKL,0.13,-0.5,-0.37,Non-IL-5 Inducer
seq4,Mutant_V9S,TIQKRGAASISARKL,0.17,-0.5,-0.33,Non-IL-5 Inducer
seq4,Mutant_V9T,TIQKRGAATISARKL,0.14,-0.5,-0.36,Non-IL-5 Inducer
seq4,Mutant_V9W,TIQKRGAAWISARKL,0.18,-0.5,-0.32,Non-IL-5 Inducer
seq4,Mutant_V9Y,TIQKRGAAYISARKL,0.15,-0.5,-0.35,Non-IL-5 Inducer
seq4,Mutant_I10A,TIQKRGAAVASARKL,0.09,-0.5,-0.41,Non-IL-5 Inducer
seq4,Mutant_I10C,TIQKRGAAVCSARKL,0.11,-0.5,-0.39,Non-IL-5 Inducer
seq4,Mutant_I10D,TIQKRGAAVDSARKL,0.09,-0.5,-0.41,Non-IL-5 Inducer
seq4,Mutant_I10E,TIQKRGAAVESARKL,0.11,-0.5,-0.39,Non-IL-5 Inducer
seq4,Mutant_I10F,TIQKRGAAVFSARKL,0.11,-0.5,-0.39,Non-IL-5 Inducer
seq4,Mutant_I10G,TIQKRGAAVGSARKL,0.1,-0.5,-0.4,Non-IL-5 Inducer
seq4,Mutant_I10H,TIQKRGAAVHSARKL,0.11,-0.5,-0.39,Non-IL-5 Inducer
seq4,Mutant_I10K,TIQKRGAAVKSARKL,0.14,-0.5,-0.36,Non-IL-5 Inducer
seq4,Mutant_I10L,TIQKRGAAVLSARKL,0.1,-0.5,-0.4,Non-IL-5 Inducer
seq4,Mutant_I10M,TIQKRGAAVMSARKL,0.12,-0.5,-0.38,Non-IL-5 Inducer
seq4,Mutant_I10N,TIQKRGAAVNSARKL,0.1,-0.5,-0.4,Non-IL-5 Inducer
seq4,Mutant_I10P,TIQKRGAAVPSARKL,0.1,-0.5,-0.4,Non-IL-5 Inducer
seq4,Mutant_I10Q,TIQKRGAAVQSARKL,0.1,-0.5,-0.4,Non-IL-5 Inducer
seq4,Mutant_I10R,TIQKRGAAVRSARKL,0.1,-0.5,-0.4,Non-IL-5 Inducer
seq4,Mutant_I10S,TIQKRGAAVSSARKL,0.1,-0.5,-0.4,Non-IL-5 Inducer
seq4,Mutant_I10T,TIQKRGAAVTSARKL,0.11,-0.5,-0.39,Non-IL-5 Inducer
seq4,Mutant_I10V,TIQKRGAAVVSARKL,0.12,-0.5,-0.38,Non-IL-5 Inducer
seq4,Mutant_I10W,TIQKRGAAVWSARKL,0.13,-0.5,-0.37,Non-IL-5 Inducer
seq4,Mutant_I10Y,TIQKRGAAVYSARKL,0.14,-0.5,-0.36,Non-IL-5 Inducer
seq4,Mutant_S11A,TIQKRGAAVIAARKL,0.12,-0.5,-0.38,Non-IL-5 Inducer
seq4,Mutant_S11C,TIQKRGAAVICARKL,0.11,-0.5,-0.39,Non-IL-5 Inducer
seq4,Mutant_S11D,TIQKRGAAVIDARKL,0.12,-0.5,-0.38,Non-IL-5 Inducer
seq4,Mutant_S11E,TIQKRGAAVIEARKL,0.13,-0.5,-0.37,Non-IL-5 Inducer
seq4,Mutant_S11F,TIQKRGAAVIFARKL,0.13,-0.5,-0.37,Non-IL-5 Inducer
seq4,Mutant_S11G,TIQKRGAAVIGARKL,0.09,-0.5,-0.41,Non-IL-5 Inducer
seq4,Mutant_S11H,TIQKRGAAVIHARKL,0.12,-0.5,-0.38,Non-IL-5 Inducer
seq4,Mutant_S11I,TIQKRGAAVIIARKL,0.12,-0.5,-0.38,Non-IL-5 Inducer
seq4,Mutant_S11K,TIQKRGAAVIKARKL,0.12,-0.5,-0.38,Non-IL-5 Inducer
seq4,Mutant_S11L,TIQKRGAAVILARKL,0.13,-0.5,-0.37,Non-IL-5 Inducer
seq4,Mutant_S11M,TIQKRGAAVIMARKL,0.1,-0.5,-0.4,Non-IL-5 Inducer
seq4,Mutant_S11N,TIQKRGAAVINARKL,0.12,-0.5,-0.38,Non-IL-5 Inducer
seq4,Mutant_S11P,TIQKRGAAVIPARKL,0.08,-0.5,-0.42,Non-IL-5 Inducer
seq4,Mutant_S11Q,TIQKRGAAVIQARKL,0.1,-0.5,-0.4,Non-IL-5 Inducer
seq4,Mutant_S11R,TIQKRGAAVIRARKL,0.12,-0.5,-0.38,Non-IL-5 Inducer
seq4,Mutant_S11T,TIQKRGAAVITARKL,0.1,-0.5,-0.4,Non-IL-5 Inducer
seq4,Mutant_S11V,TIQKRGAAVIVARKL,0.13,-0.5,-0.37,Non-IL-5 Inducer
seq4,Mutant_S11W,TIQKRGAAVIWARKL,0.11,-0.5,-0.39,Non-IL-5 Inducer
seq4,Mutant_S11Y,TIQKRGAAVIYARKL,0.13,-0.5,-0.37,Non-IL-5 Inducer
seq4,Mutant_A12C,TIQKRGAAVISCRKL,0.12,-0.5,-0.38,Non-IL-5 Inducer
seq4,Mutant_A12D,TIQKRGAAVISDRKL,0.14,-0.5,-0.36,Non-IL-5 Inducer
seq4,Mutant_A12E,TIQKRGAAVISERKL,0.12,-0.5,-0.38,Non-IL-5 Inducer
seq4,Mutant_A12F,TIQKRGAAVISFRKL,0.12,-0.5,-0.38,Non-IL-5 Inducer
seq4,Mutant_A12G,TIQKRGAAVISGRKL,0.12,-0.5,-0.38,Non-IL-5 Inducer
seq4,Mutant_A12H,TIQKRGAAVISHRKL,0.11,-0.5,-0.39,Non-IL-5 Inducer
seq4,Mutant_A12I,TIQKRGAAVISIRKL,0.14,-0.5,-0.36,Non-IL-5 Inducer
seq4,Mutant_A12K,TIQKRGAAVISKRKL,0.11,-0.5,-0.39,Non-IL-5 Inducer
seq4,Mutant_A12L,TIQKRGAAVISLRKL,0.13,-0.5,-0.37,Non-IL-5 Inducer
seq4,Mutant_A12M,TIQKRGAAVISMRKL,0.13,-0.5,-0.37,Non-IL-5 Inducer
seq4,Mutant_A12N,TIQKRGAAVISNRKL,0.12,-0.5,-0.38,Non-IL-5 Inducer
seq4,Mutant_A12P,TIQKRGAAVISPRKL,0.13,-0.5,-0.37,Non-IL-5 Inducer
seq4,Mutant_A12Q,TIQKRGAAVISQRKL,0.11,-0.5,-0.39,Non-IL-5 Inducer
seq4,Mutant_A12R,TIQKRGAAVISRRKL,0.11,-0.5,-0.39,Non-IL-5 Inducer
seq4,Mutant_A12S,TIQKRGAAVISSRKL,0.12,-0.5,-0.38,Non-IL-5 Inducer
seq4,Mutant_A12T,TIQKRGAAVISTRKL,0.14,-0.5,-0.36,Non-IL-5 Inducer
seq4,Mutant_A12V,TIQKRGAAVISVRKL,0.11,-0.5,-0.39,Non-IL-5 Inducer
seq4,Mutant_A12W,TIQKRGAAVISWRKL,0.1,-0.5,-0.4,Non-IL-5 Inducer
seq4,Mutant_A12Y,TIQKRGAAVISYRKL,0.14,-0.5,-0.36,Non-IL-5 Inducer
seq4,Mutant_R13A,TIQKRGAAVISAAKL,0.11,-0.5,-0.39,Non-IL-5 Inducer
seq4,Mutant_R13C,TIQKRGAAVISACKL,0.09,-0.5,-0.41,Non-IL-5 Inducer
seq4,Mutant_R13D,TIQKRGAAVISADKL,0.09,-0.5,-0.41,Non-IL-5 Inducer
seq4,Mutant_R13E,TIQKRGAAVISAEKL,0.11,-0.5,-0.39,Non-IL-5 Inducer
seq4,Mutant_R13F,TIQKRGAAVISAFKL,0.14,-0.5,-0.36,Non-IL-5 Inducer
seq4,Mutant_R13G,TIQKRGAAVISAGKL,0.09,-0.5,-0.41,Non-IL-5 Inducer
seq4,Mutant_R13H,TIQKRGAAVISAHKL,0.13,-0.5,-0.37,Non-IL-5 Inducer
seq4,Mutant_R13I,TIQKRGAAVISAIKL,0.1,-0.5,-0.4,Non-IL-5 Inducer
seq4,Mutant_R13K,TIQKRGAAVISAKKL,0.12,-0.5,-0.38,Non-IL-5 Inducer
seq4,Mutant_R13L,TIQKRGAAVISALKL,0.13,-0.5,-0.37,Non-IL-5 Inducer
seq4,Mutant_R13M,TIQKRGAAVISAMKL,0.09,-0.5,-0.41,Non-IL-5 Inducer
seq4,Mutant_R13N,TIQKRGAAVISANKL,0.1,-0.5,-0.4,Non-IL-5 Inducer
seq4,Mutant_R13P,TIQKRGAAVISAPKL,0.09,-0.5,-0.41,Non-IL-5 Inducer
seq4,Mutant_R13Q,TIQKRGAAVISAQKL,0.11,-0.5,-0.39,Non-IL-5 Inducer
seq4,Mutant_R13S,TIQKRGAAVISASKL,0.1,-0.5,-0.4,Non-IL-5 Inducer
seq4,Mutant_R13T,TIQKRGAAVISATKL,0.12,-0.5,-0.38,Non-IL-5 Inducer
seq4,Mutant_R13V,TIQKRGAAVISAVKL,0.1,-0.5,-0.4,Non-IL-5 Inducer
seq4,Mutant_R13W,TIQKRGAAVISAWKL,0.09,-0.5,-0.41,Non-IL-5 Inducer
seq4,Mutant_R13Y,TIQKRGAAVISAYKL,0.13,-0.5,-0.37,Non-IL-5 Inducer
seq4,Mutant_K14A,TIQKRGAAVISARAL,0.12,-0.5,-0.38,Non-IL-5 Inducer
seq4,Mutant_K14C,TIQKRGAAVISARCL,0.13,-0.5,-0.37,Non-IL-5 Inducer
seq4,Mutant_K14D,TIQKRGAAVISARDL,0.08,-0.5,-0.42,Non-IL-5 Inducer
seq4,Mutant_K14E,TIQKRGAAVISAREL,0.1,-0.5,-0.4,Non-IL-5 Inducer
seq4,Mutant_K14F,TIQKRGAAVISARFL,0.1,-0.5,-0.4,Non-IL-5 Inducer
seq4,Mutant_K14G,TIQKRGAAVISARGL,0.1,-0.5,-0.4,Non-IL-5 Inducer
seq4,Mutant_K14H,TIQKRGAAVISARHL,0.09,-0.5,-0.41,Non-IL-5 Inducer
seq4,Mutant_K14I,TIQKRGAAVISARIL,0.11,-0.5,-0.39,Non-IL-5 Inducer
seq4,Mutant_K14L,TIQKRGAAVISARLL,0.1,-0.5,-0.4,Non-IL-5 Inducer
seq4,Mutant_K14M,TIQKRGAAVISARML,0.09,-0.5,-0.41,Non-IL-5 Inducer
seq4,Mutant_K14N,TIQKRGAAVISARNL,0.09,-0.5,-0.41,Non-IL-5 Inducer
seq4,Mutant_K14P,TIQKRGAAVISARPL,0.11,-0.5,-0.39,Non-IL-5 Inducer
seq4,Mutant_K14Q,TIQKRGAAVISARQL,0.11,-0.5,-0.39,Non-IL-5 Inducer
seq4,Mutant_K14R,TIQKRGAAVISARRL,0.07,-0.5,-0.43,Non-IL-5 Inducer
seq4,Mutant_K14S,TIQKRGAAVISARSL,0.1,-0.5,-0.4,Non-IL-5 Inducer
seq4,Mutant_K14T,TIQKRGAAVISARTL,0.07,-0.5,-0.43,Non-IL-5 Inducer
seq4,Mutant_K14V,TIQKRGAAVISARVL,0.1,-0.5,-0.4,Non-IL-5 Inducer
seq4,Mutant_K14W,TIQKRGAAVISARWL,0.1,-0.5,-0.4,Non-IL-5 Inducer
seq4,Mutant_K14Y,TIQKRGAAVISARYL,0.13,-0.5,-0.37,Non-IL-5 Inducer
seq4,Mutant_L15A,TIQKRGAAVISARKA,0.09,-0.5,-0.41,Non-IL-5 Inducer
seq4,Mutant_L15C,TIQKRGAAVISARKC,0.09,-0.5,-0.41,Non-IL-5 Inducer
seq4,Mutant_L15D,TIQKRGAAVISARKD,0.06,-0.5,-0.44,Non-IL-5 Inducer
seq4,Mutant_L15E,TIQKRGAAVISARKE,0.08,-0.5,-0.42,Non-IL-5 Inducer
seq4,Mutant_L15F,TIQKRGAAVISARKF,0.07,-0.5,-0.43,Non-IL-5 Inducer
seq4,Mutant_L15G,TIQKRGAAVISARKG,0.07,-0.5,-0.43,Non-IL-5 Inducer
seq4,Mutant_L15H,TIQKRGAAVISARKH,0.09,-0.5,-0.41,Non-IL-5 Inducer
seq4,Mutant_L15I,TIQKRGAAVISARKI,0.09,-0.5,-0.41,Non-IL-5 Inducer
seq4,Mutant_L15K,TIQKRGAAVISARKK,0.09,-0.5,-0.41,Non-IL-5 Inducer
seq4,Mutant_L15M,TIQKRGAAVISARKM,0.09,-0.5,-0.41,Non-IL-5 Inducer
seq4,Mutant_L15N,TIQKRGAAVISARKN,0.08,-0.5,-0.42,Non-IL-5 Inducer
seq4,Mutant_L15P,TIQKRGAAVISARKP,0.08,-0.5,-0.42,Non-IL-5 Inducer
seq4,Mutant_L15Q,TIQKRGAAVISARKQ,0.09,-0.5,-0.41,Non-IL-5 Inducer
seq4,Mutant_L15R,TIQKRGAAVISARKR,0.08,-0.5,-0.42,Non-IL-5 Inducer
seq4,Mutant_L15S,TIQKRGAAVISARKS,0.1,-0.5,-0.4,Non-IL-5 Inducer
seq4,Mutant_L15T,TIQKRGAAVISARKT,0.09,-0.5,-0.41,Non-IL-5 Inducer
seq4,Mutant_L15V,TIQKRGAAVISARKV,0.09,-0.5,-0.41,Non-IL-5 Inducer
seq4,Mutant_L15W,TIQKRGAAVISARKW,0.09,-0.5,-0.41,Non-IL-5 Inducer
seq4,Mutant_L15Y,TIQKRGAAVISARKY,0.07,-0.5,-0.43,Non-IL-5 Inducer
seq5,Original,AKLENIKTTIQSASL,0.04,-0.5,-0.46,Non-IL-5 Inducer
seq5,Mutant_A1C,CKLENIKTTIQSASL,0.07,-0.5,-0.43,Non-IL-5 Inducer
seq5,Mutant_A1D,DKLENIKTTIQSASL,0.07,-0.5,-0.43,Non-IL-5 Inducer
seq5,Mutant_A1E,EKLENIKTTIQSASL,0.07,-0.5,-0.43,Non-IL-5 Inducer
seq5,Mutant_A1F,FKLENIKTTIQSASL,0.09,-0.5,-0.41,Non-IL-5 Inducer
seq5,Mutant_A1G,GKLENIKTTIQSASL,0.04,-0.5,-0.46,Non-IL-5 Inducer
seq5,Mutant_A1H,HKLENIKTTIQSASL,0.07,-0.5,-0.43,Non-IL-5 Inducer
seq5,Mutant_A1I,IKLENIKTTIQSASL,0.08,-0.5,-0.42,Non-IL-5 Inducer
seq5,Mutant_A1K,KKLENIKTTIQSASL,0.07,-0.5,-0.43,Non-IL-5 Inducer
seq5,Mutant_A1L,LKLENIKTTIQSASL,0.08,-0.5,-0.42,Non-IL-5 Inducer
seq5,Mutant_A1M,MKLENIKTTIQSASL,0.07,-0.5,-0.43,Non-IL-5 Inducer
seq5,Mutant_A1N,NKLENIKTTIQSASL,0.07,-0.5,-0.43,Non-IL-5 Inducer
seq5,Mutant_A1P,PKLENIKTTIQSASL,0.07,-0.5,-0.43,Non-IL-5 Inducer
seq5,Mutant_A1Q,QKLENIKTTIQSASL,0.07,-0.5,-0.43,Non-IL-5 Inducer
seq5,Mutant_A1R,RKLENIKTTIQSASL,0.07,-0.5,-0.43,Non-IL-5 Inducer
seq5,Mutant_A1S,SKLENIKTTIQSASL,0.06,-0.5,-0.44,Non-IL-5 Inducer
seq5,Mutant_A1T,TKLENIKTTIQSASL,0.07,-0.5,-0.43,Non-IL-5 Inducer
seq5,Mutant_A1V,VKLENIKTTIQSASL,0.08,-0.5,-0.42,Non-IL-5 Inducer
seq5,Mutant_A1W,WKLENIKTTIQSASL,0.07,-0.5,-0.43,Non-IL-5 Inducer
seq5,Mutant_A1Y,YKLENIKTTIQSASL,0.07,-0.5,-0.43,Non-IL-5 Inducer
seq5,Mutant_K2A,AALENIKTTIQSASL,0.06,-0.5,-0.44,Non-IL-5 Inducer
seq5,Mutant_K2C,ACLENIKTTIQSASL,0.08,-0.5,-0.42,Non-IL-5 Inducer
seq5,Mutant_K2D,ADLENIKTTIQSASL,0.06,-0.5,-0.44,Non-IL-5 Inducer
seq5,Mutant_K2E,AELENIKTTIQSASL,0.09,-0.5,-0.41,Non-IL-5 Inducer
seq5,Mutant_K2F,AFLENIKTTIQSASL,0.1,-0.5,-0.4,Non-IL-5 Inducer
seq5,Mutant_K2G,AGLENIKTTIQSASL,0.08,-0.5,-0.42,Non-IL-5 Inducer
seq5,Mutant_K2H,AHLENIKTTIQSASL,0.09,-0.5,-0.41,Non-IL-5 Inducer
seq5,Mutant_K2I,AILENIKTTIQSASL,0.08,-0.5,-0.42,Non-IL-5 Inducer
seq5,Mutant_K2L,ALLENIKTTIQSASL,0.08,-0.5,-0.42,Non-IL-5 Inducer
seq5,Mutant_K2M,AMLENIKTTIQSASL,0.07,-0.5,-0.43,Non-IL-5 Inducer
seq5,Mutant_K2N,ANLENIKTTIQSASL,0.08,-0.5,-0.42,Non-IL-5 Inducer
seq5,Mutant_K2P,APLENIKTTIQSASL,0.1,-0.5,-0.4,Non-IL-5 Inducer
seq5,Mutant_K2Q,AQLENIKTTIQSASL,0.06,-0.5,-0.44,Non-IL-5 Inducer
seq5,Mutant_K2R,ARLENIKTTIQSASL,0.07,-0.5,-0.43,Non-IL-5 Inducer
seq5,Mutant_K2S,ASLENIKTTIQSASL,0.11,-0.5,-0.39,Non-IL-5 Inducer
seq5,Mutant_K2T,ATLENIKTTIQSASL,0.07,-0.5,-0.43,Non-IL-5 Inducer
seq5,Mutant_K2V,AVLENIKTTIQSASL,0.08,-0.5,-0.42,Non-IL-5 Inducer
seq5,Mutant_K2W,AWLENIKTTIQSASL,0.11,-0.5,-0.39,Non-IL-5 Inducer
seq5,Mutant_K2Y,AYLENIKTTIQSASL,0.09,-0.5,-0.41,Non-IL-5 Inducer
seq5,Mutant_L3A,AKAENIKTTIQSASL,0.1,-0.5,-0.4,Non-IL-5 Inducer
seq5,Mutant_L3C,AKCENIKTTIQSASL,0.1,-0.5,-0.4,Non-IL-5 Inducer
seq5,Mutant_L3D,AKDENIKTTIQSASL,0.05,-0.5,-0.45,Non-IL-5 Inducer
seq5,Mutant_L3E,AKEENIKTTIQSASL,0.09,-0.5,-0.41,Non-IL-5 Inducer
seq5,Mutant_L3F,AKFENIKTTIQSASL,0.12,-0.5,-0.38,Non-IL-5 Inducer
seq5,Mutant_L3G,AKGENIKTTIQSASL,0.08,-0.5,-0.42,Non-IL-5 Inducer
seq5,Mutant_L3H,AKHENIKTTIQSASL,0.08,-0.5,-0.42,Non-IL-5 Inducer
seq5,Mutant_L3I,AKIENIKTTIQSASL,0.1,-0.5,-0.4,Non-IL-5 Inducer
seq5,Mutant_L3K,AKKENIKTTIQSASL,0.09,-0.5,-0.41,Non-IL-5 Inducer
seq5,Mutant_L3M,AKMENIKTTIQSASL,0.11,-0.5,-0.39,Non-IL-5 Inducer
seq5,Mutant_L3N,AKNENIKTTIQSASL,0.08,-0.5,-0.42,Non-IL-5 Inducer
seq5,Mutant_L3P,AKPENIKTTIQSASL,0.1,-0.5,-0.4,Non-IL-5 Inducer
seq5,Mutant_L3Q,AKQENIKTTIQSASL,0.07,-0.5,-0.43,Non-IL-5 Inducer
seq5,Mutant_L3R,AKRENIKTTIQSASL,0.09,-0.5,-0.41,Non-IL-5 Inducer
seq5,Mutant_L3S,AKSENIKTTIQSASL,0.07,-0.5,-0.43,Non-IL-5 Inducer
seq5,Mutant_L3T,AKTENIKTTIQSASL,0.1,-0.5,-0.4,Non-IL-5 Inducer
seq5,Mutant_L3V,AKVENIKTTIQSASL,0.09,-0.5,-0.41,Non-IL-5 Inducer
seq5,Mutant_L3W,AKWENIKTTIQSASL,0.11,-0.5,-0.39,Non-IL-5 Inducer
seq5,Mutant_L3Y,AKYENIKTTIQSASL,0.11,-0.5,-0.39,Non-IL-5 Inducer
seq5,Mutant_E4A,AKLANIKTTIQSASL,0.09,-0.5,-0.41,Non-IL-5 Inducer
seq5,Mutant_E4C,AKLCNIKTTIQSASL,0.14,-0.5,-0.36,Non-IL-5 Inducer
seq5,Mutant_E4D,AKLDNIKTTIQSASL,0.11,-0.5,-0.39,Non-IL-5 Inducer
seq5,Mutant_E4F,AKLFNIKTTIQSASL,0.13,-0.5,-0.37,Non-IL-5 Inducer
seq5,Mutant_E4G,AKLGNIKTTIQSASL,0.12,-0.5,-0.38,Non-IL-5 Inducer
seq5,Mutant_E4H,AKLHNIKTTIQSASL,0.11,-0.5,-0.39,Non-IL-5 Inducer
seq5,Mutant_E4I,AKLINIKTTIQSASL,0.11,-0.5,-0.39,Non-IL-5 Inducer
seq5,Mutant_E4K,AKLKNIKTTIQSASL,0.11,-0.5,-0.39,Non-IL-5 Inducer
seq5,Mutant_E4L,AKLLNIKTTIQSASL,0.11,-0.5,-0.39,Non-IL-5 Inducer
seq5,Mutant_E4M,AKLMNIKTTIQSASL,0.11,-0.5,-0.39,Non-IL-5 Inducer
seq5,Mutant_E4N,AKLNNIKTTIQSASL,0.11,-0.5,-0.39,Non-IL-5 Inducer
seq5,Mutant_E4P,AKLPNIKTTIQSASL,0.12,-0.5,-0.38,Non-IL-5 Inducer
seq5,Mutant_E4Q,AKLQNIKTTIQSASL,0.11,-0.5,-0.39,Non-IL-5 Inducer
seq5,Mutant_E4R,AKLRNIKTTIQSASL,0.09,-0.5,-0.41,Non-IL-5 Inducer
seq5,Mutant_E4S,AKLSNIKTTIQSASL,0.1,-0.5,-0.4,Non-IL-5 Inducer
seq5,Mutant_E4T,AKLTNIKTTIQSASL,0.11,-0.5,-0.39,Non-IL-5 Inducer
seq5,Mutant_E4V,AKLVNIKTTIQSASL,0.1,-0.5,-0.4,Non-IL-5 Inducer
seq5,Mutant_E4W,AKLWNIKTTIQSASL,0.14,-0.5,-0.36,Non-IL-5 Inducer
seq5,Mutant_E4Y,AKLYNIKTTIQSASL,0.11,-0.5,-0.39,Non-IL-5 Inducer
seq5,Mutant_N5A,AKLEAIKTTIQSASL,0.08,-0.5,-0.42,Non-IL-5 Inducer
seq5,Mutant_N5C,AKLECIKTTIQSASL,0.1,-0.5,-0.4,Non-IL-5 Inducer
seq5,Mutant_N5D,AKLEDIKTTIQSASL,0.11,-0.5,-0.39,Non-IL-5 Inducer
seq5,Mutant_N5E,AKLEEIKTTIQSASL,0.09,-0.5,-0.41,Non-IL-5 Inducer
seq5,Mutant_N5F,AKLEFIKTTIQSASL,0.08,-0.5,-0.42,Non-IL-5 Inducer
seq5,Mutant_N5G,AKLEGIKTTIQSASL,0.09,-0.5,-0.41,Non-IL-5 Inducer
seq5,Mutant_N5H,AKLEHIKTTIQSASL,0.11,-0.5,-0.39,Non-IL-5 Inducer
seq5,Mutant_N5I,AKLEIIKTTIQSASL,0.13,-0.5,-0.37,Non-IL-5 Inducer
seq5,Mutant_N5K,AKLEKIKTTIQSASL,0.1,-0.5,-0.4,Non-IL-5 Inducer
seq5,Mutant_N5L,AKLELIKTTIQSASL,0.1,-0.5,-0.4,Non-IL-5 Inducer
seq5,Mutant_N5M,AKLEMIKTTIQSASL,0.07,-0.5,-0.43,Non-IL-5 Inducer
seq5,Mutant_N5P,AKLEPIKTTIQSASL,0.1,-0.5,-0.4,Non-IL-5 Inducer
seq5,Mutant_N5Q,AKLEQIKTTIQSASL,0.06,-0.5,-0.44,Non-IL-5 Inducer
seq5,Mutant_N5R,AKLERIKTTIQSASL,0.08,-0.5,-0.42,Non-IL-5 Inducer
seq5,Mutant_N5S,AKLESIKTTIQSASL,0.11,-0.5,-0.39,Non-IL-5 Inducer
seq5,Mutant_N5T,AKLETIKTTIQSASL,0.09,-0.5,-0.41,Non-IL-5 Inducer
seq5,Mutant_N5V,AKLEVIKTTIQSASL,0.08,-0.5,-0.42,Non-IL-5 Inducer
seq5,Mutant_N5W,AKLEWIKTTIQSASL,0.14,-0.5,-0.36,Non-IL-5 Inducer
seq5,Mutant_N5Y,AKLEYIKTTIQSASL,0.09,-0.5,-0.41,Non-IL-5 Inducer
seq5,Mutant_I6A,AKLENAKTTIQSASL,0.09,-0.5,-0.41,Non-IL-5 Inducer
seq5,Mutant_I6C,AKLENCKTTIQSASL,0.07,-0.5,-0.43,Non-IL-5 Inducer
seq5,Mutant_I6D,AKLENDKTTIQSASL,0.08,-0.5,-0.42,Non-IL-5 Inducer
seq5,Mutant_I6E,AKLENEKTTIQSASL,0.08,-0.5,-0.42,Non-IL-5 Inducer
seq5,Mutant_I6F,AKLENFKTTIQSASL,0.1,-0.5,-0.4,Non-IL-5 Inducer
seq5,Mutant_I6G,AKLENGKTTIQSASL,0.05,-0.5,-0.45,Non-IL-5 Inducer
seq5,Mutant_I6H,AKLENHKTTIQSASL,0.07,-0.5,-0.43,Non-IL-5 Inducer
seq5,Mutant_I6K,AKLENKKTTIQSASL,0.08,-0.5,-0.42,Non-IL-5 Inducer
seq5,Mutant_I6L,AKLENLKTTIQSASL,0.07,-0.5,-0.43,Non-IL-5 Inducer
seq5,Mutant_I6M,AKLENMKTTIQSASL,0.08,-0.5,-0.42,Non-IL-5 Inducer
seq5,Mutant_I6N,AKLENNKTTIQSASL,0.08,-0.5,-0.42,Non-IL-5 Inducer
seq5,Mutant_I6P,AKLENPKTTIQSASL,0.1,-0.5,-0.4,Non-IL-5 Inducer
seq5,Mutant_I6Q,AKLENQKTTIQSASL,0.08,-0.5,-0.42,Non-IL-5 Inducer
seq5,Mutant_I6R,AKLENRKTTIQSASL,0.09,-0.5,-0.41,Non-IL-5 Inducer
seq5,Mutant_I6S,AKLENSKTTIQSASL,0.07,-0.5,-0.43,Non-IL-5 Inducer
seq5,Mutant_I6T,AKLENTKTTIQSASL,0.08,-0.5,-0.42,Non-IL-5 Inducer
seq5,Mutant_I6V,AKLENVKTTIQSASL,0.08,-0.5,-0.42,Non-IL-5 Inducer
seq5,Mutant_I6W,AKLENWKTTIQSASL,0.07,-0.5,-0.43,Non-IL-5 Inducer
seq5,Mutant_I6Y,AKLENYKTTIQSASL,0.09,-0.5,-0.41,Non-IL-5 Inducer
seq5,Mutant_K7A,AKLENIATTIQSASL,0.08,-0.5,-0.42,Non-IL-5 Inducer
seq5,Mutant_K7C,AKLENICTTIQSASL,0.07,-0.5,-0.43,Non-IL-5 Inducer
seq5,Mutant_K7D,AKLENIDTTIQSASL,0.1,-0.5,-0.4,Non-IL-5 Inducer
seq5,Mutant_K7E,AKLENIETTIQSASL,0.08,-0.5,-0.42,Non-IL-5 Inducer
seq5,Mutant_K7F,AKLENIFTTIQSASL,0.09,-0.5,-0.41,Non-IL-5 Inducer
seq5,Mutant_K7G,AKLENIGTTIQSASL,0.06,-0.5,-0.44,Non-IL-5 Inducer
seq5,Mutant_K7H,AKLENIHTTIQSASL,0.1,-0.5,-0.4,Non-IL-5 Inducer
seq5,Mutant_K7I,AKLENIITTIQSASL,0.11,-0.5,-0.39,Non-IL-5 Inducer
seq5,Mutant_K7L,AKLENILTTIQSASL,0.07,-0.5,-0.43,Non-IL-5 Inducer
seq5,Mutant_K7M,AKLENIMTTIQSASL,0.08,-0.5,-0.42,Non-IL-5 Inducer
seq5,Mutant_K7N,AKLENINTTIQSASL,0.07,-0.5,-0.43,Non-IL-5 Inducer
seq5,Mutant_K7P,AKLENIPTTIQSASL,0.09,-0.5,-0.41,Non-IL-5 Inducer
seq5,Mutant_K7Q,AKLENIQTTIQSASL,0.08,-0.5,-0.42,Non-IL-5 Inducer
seq5,Mutant_K7R,AKLENIRTTIQSASL,0.09,-0.5,-0.41,Non-IL-5 Inducer
seq5,Mutant_K7S,AKLENISTTIQSASL,0.09,-0.5,-0.41,Non-IL-5 Inducer
seq5,Mutant_K7T,AKLENITTTIQSASL,0.06,-0.5,-0.44,Non-IL-5 Inducer
seq5,Mutant_K7V,AKLENIVTTIQSASL,0.09,-0.5,-0.41,Non-IL-5 Inducer
seq5,Mutant_K7W,AKLENIWTTIQSASL,0.08,-0.5,-0.42,Non-IL-5 Inducer
seq5,Mutant_K7Y,AKLENIYTTIQSASL,0.09,-0.5,-0.41,Non-IL-5 Inducer
seq5,Mutant_T8A,AKLENIKATIQSASL,0.1,-0.5,-0.4,Non-IL-5 Inducer
seq5,Mutant_T8C,AKLENIKCTIQSASL,0.11,-0.5,-0.39,Non-IL-5 Inducer
seq5,Mutant_T8D,AKLENIKDTIQSASL,0.07,-0.5,-0.43,Non-IL-5 Inducer
seq5,Mutant_T8E,AKLENIKETIQSASL,0.1,-0.5,-0.4,Non-IL-5 Inducer
seq5,Mutant_T8F,AKLENIKFTIQSASL,0.18,-0.5,-0.32,Non-IL-5 Inducer
seq5,Mutant_T8G,AKLENIKGTIQSASL,0.1,-0.5,-0.4,Non-IL-5 Inducer
seq5,Mutant_T8H,AKLENIKHTIQSASL,0.12,-0.5,-0.38,Non-IL-5 Inducer
seq5,Mutant_T8I,AKLENIKITIQSASL,0.12,-0.5,-0.38,Non-IL-5 Inducer
seq5,Mutant_T8K,AKLENIKKTIQSASL,0.09,-0.5,-0.41,Non-IL-5 Inducer
seq5,Mutant_T8L,AKLENIKLTIQSASL,0.11,-0.5,-0.39,Non-IL-5 Inducer
seq5,Mutant_T8M,AKLENIKMTIQSASL,0.13,-0.5,-0.37,Non-IL-5 Inducer
seq5,Mutant_T8N,AKLENIKNTIQSASL,0.12,-0.5,-0.38,Non-IL-5 Inducer
seq5,Mutant_T8P,AKLENIKPTIQSASL,0.09,-0.5,-0.41,Non-IL-5 Inducer
seq5,Mutant_T8Q,AKLENIKQTIQSASL,0.11,-0.5,-0.39,Non-IL-5 Inducer
seq5,Mutant_T8R,AKLENIKRTIQSASL,0.09,-0.5,-0.41,Non-IL-5 Inducer
seq5,Mutant_T8S,AKLENIKSTIQSASL,0.07,-0.5,-0.43,Non-IL-5 Inducer
seq5,Mutant_T8V,AKLENIKVTIQSASL,0.12,-0.5,-0.38,Non-IL-5 Inducer
seq5,Mutant_T8W,AKLENIKWTIQSASL,0.12,-0.5,-0.38,Non-IL-5 Inducer
seq5,Mutant_T8Y,AKLENIKYTIQSASL,0.12,-0.5,-0.38,Non-IL-5 Inducer
seq5,Mutant_T9A,AKLENIKTAIQSASL,0.08,-0.5,-0.42,Non-IL-5 Inducer
seq5,Mutant_T9C,AKLENIKTCIQSASL,0.13,-0.5,-0.37,Non-IL-5 Inducer
seq5,Mutant_T9D,AKLENIKTDIQSASL,0.11,-0.5,-0.39,Non-IL-5 Inducer
seq5,Mutant_T9E,AKLENIKTEIQSASL,0.09,-0.5,-0.41,Non-IL-5 Inducer
seq5,Mutant_T9F,AKLENIKTFIQSASL,0.11,-0.5,-0.39,Non-IL-5 Inducer
seq5,Mutant_T9G,AKLENIKTGIQSASL,0.09,-0.5,-0.41,Non-IL-5 Inducer
seq5,Mutant_T9H,AKLENIKTHIQSASL,0.12,-0.5,-0.38,Non-IL-5 Inducer
seq5,Mutant_T9I,AKLENIKTIIQSASL,0.11,-0.5,-0.39,Non-IL-5 Inducer
seq5,Mutant_T9K,AKLENIKTKIQSASL,0.11,-0.5,-0.39,Non-IL-5 Inducer
seq5,Mutant_T9L,AKLENIKTLIQSASL,0.1,-0.5,-0.4,Non-IL-5 Inducer
seq5,Mutant_T9M,AKLENIKTMIQSASL,0.1,-0.5,-0.4,Non-IL-5 Inducer
seq5,Mutant_T9N,AKLENIKTNIQSASL,0.11,-0.5,-0.39,Non-IL-5 Inducer
seq5,Mutant_T9P,AKLENIKTPIQSASL,0.1,-0.5,-0.4,Non-IL-5 Inducer
seq5,Mutant_T9Q,AKLENIKTQIQSASL,0.11,-0.5,-0.39,Non-IL-5 Inducer
seq5,Mutant_T9R,AKLENIKTRIQSASL,0.1,-0.5,-0.4,Non-IL-5 Inducer
seq5,Mutant_T9S,AKLENIKTSIQSASL,0.11,-0.5,-0.39,Non-IL-5 Inducer
seq5,Mutant_T9V,AKLENIKTVIQSASL,0.08,-0.5,-0.42,Non-IL-5 Inducer
seq5,Mutant_T9W,AKLENIKTWIQSASL,0.14,-0.5,-0.36,Non-IL-5 Inducer
seq5,Mutant_T9Y,AKLENIKTYIQSASL,0.09,-0.5,-0.41,Non-IL-5 Inducer
seq5,Mutant_I10A,AKLENIKTTAQSASL,0.07,-0.5,-0.43,Non-IL-5 Inducer
seq5,Mutant_I10C,AKLENIKTTCQSASL,0.15,-0.5,-0.35,Non-IL-5 Inducer
seq5,Mutant_I10D,AKLENIKTTDQSASL,0.08,-0.5,-0.42,Non-IL-5 Inducer
seq5,Mutant_I10E,AKLENIKTTEQSASL,0.09,-0.5,-0.41,Non-IL-5 Inducer
seq5,Mutant_I10F,AKLENIKTTFQSASL,0.09,-0.5,-0.41,Non-IL-5 Inducer
seq5,Mutant_I10G,AKLENIKTTGQSASL,0.08,-0.5,-0.42,Non-IL-5 Inducer
seq5,Mutant_I10H,AKLENIKTTHQSASL,0.07,-0.5,-0.43,Non-IL-5 Inducer
seq5,Mutant_I10K,AKLENIKTTKQSASL,0.07,-0.5,-0.43,Non-IL-5 Inducer
seq5,Mutant_I10L,AKLENIKTTLQSASL,0.09,-0.5,-0.41,Non-IL-5 Inducer
seq5,Mutant_I10M,AKLENIKTTMQSASL,0.08,-0.5,-0.42,Non-IL-5 Inducer
seq5,Mutant_I10N,AKLENIKTTNQSASL,0.1,-0.5,-0.4,Non-IL-5 Inducer
seq5,Mutant_I10P,AKLENIKTTPQSASL,0.08,-0.5,-0.42,Non-IL-5 Inducer
seq5,Mutant_I10Q,AKLENIKTTQQSASL,0.08,-0.5,-0.42,Non-IL-5 Inducer
seq5,Mutant_I10R,AKLENIKTTRQSASL,0.09,-0.5,-0.41,Non-IL-5 Inducer
seq5,Mutant_I10S,AKLENIKTTSQSASL,0.08,-0.5,-0.42,Non-IL-5 Inducer
seq5,Mutant_I10T,AKLENIKTTTQSASL,0.08,-0.5,-0.42,Non-IL-5 Inducer
seq5,Mutant_I10V,AKLENIKTTVQSASL,0.07,-0.5,-0.43,Non-IL-5 Inducer
seq5,Mutant_I10W,AKLENIKTTWQSASL,0.06,-0.5,-0.44,Non-IL-5 Inducer
seq5,Mutant_I10Y,AKLENIKTTYQSASL,0.09,-0.5,-0.41,Non-IL-5 Inducer
seq5,Mutant_Q11A,AKLENIKTTIASASL,0.1,-0.5,-0.4,Non-IL-5 Inducer
seq5,Mutant_Q11C,AKLENIKTTICSASL,0.09,-0.5,-0.41,Non-IL-5 Inducer
seq5,Mutant_Q11D,AKLENIKTTIDSASL,0.09,-0.5,-0.41,Non-IL-5 Inducer
seq5,Mutant_Q11E,AKLENIKTTIESASL,0.08,-0.5,-0.42,Non-IL-5 Inducer
seq5,Mutant_Q11F,AKLENIKTTIFSASL,0.13,-0.5,-0.37,Non-IL-5 Inducer
seq5,Mutant_Q11G,AKLENIKTTIGSASL,0.08,-0.5,-0.42,Non-IL-5 Inducer
seq5,Mutant_Q11H,AKLENIKTTIHSASL,0.1,-0.5,-0.4,Non-IL-5 Inducer
seq5,Mutant_Q11I,AKLENIKTTIISASL,0.12,-0.5,-0.38,Non-IL-5 Inducer
seq5,Mutant_Q11K,AKLENIKTTIKSASL,0.09,-0.5,-0.41,Non-IL-5 Inducer
seq5,Mutant_Q11L,AKLENIKTTILSASL,0.09,-0.5,-0.41,Non-IL-5 Inducer
seq5,Mutant_Q11M,AKLENIKTTIMSASL,0.09,-0.5,-0.41,Non-IL-5 Inducer
seq5,Mutant_Q11N,AKLENIKTTINSASL,0.12,-0.5,-0.38,Non-IL-5 Inducer
seq5,Mutant_Q11P,AKLENIKTTIPSASL,0.09,-0.5,-0.41,Non-IL-5 Inducer
seq5,Mutant_Q11R,AKLENIKTTIRSASL,0.1,-0.5,-0.4,Non-IL-5 Inducer
seq5,Mutant_Q11S,AKLENIKTTISSASL,0.09,-0.5,-0.41,Non-IL-5 Inducer
seq5,Mutant_Q11T,AKLENIKTTITSASL,0.08,-0.5,-0.42,Non-IL-5 Inducer
seq5,Mutant_Q11V,AKLENIKTTIVSASL,0.09,-0.5,-0.41,Non-IL-5 Inducer
seq5,Mutant_Q11W,AKLENIKTTIWSASL,0.14,-0.5,-0.36,Non-IL-5 Inducer
seq5,Mutant_Q11Y,AKLENIKTTIYSASL,0.08,-0.5,-0.42,Non-IL-5 Inducer
seq5,Mutant_S12A,AKLENIKTTIQAASL,0.07,-0.5,-0.43,Non-IL-5 Inducer
seq5,Mutant_S12C,AKLENIKTTIQCASL,0.12,-0.5,-0.38,Non-IL-5 Inducer
seq5,Mutant_S12D,AKLENIKTTIQDASL,0.09,-0.5,-0.41,Non-IL-5 Inducer
seq5,Mutant_S12E,AKLENIKTTIQEASL,0.08,-0.5,-0.42,Non-IL-5 Inducer
seq5,Mutant_S12F,AKLENIKTTIQFASL,0.1,-0.5,-0.4,Non-IL-5 Inducer
seq5,Mutant_S12G,AKLENIKTTIQGASL,0.17,-0.5,-0.33,Non-IL-5 Inducer
seq5,Mutant_S12H,AKLENIKTTIQHASL,0.1,-0.5,-0.4,Non-IL-5 Inducer
seq5,Mutant_S12I,AKLENIKTTIQIASL,0.1,-0.5,-0.4,Non-IL-5 Inducer
seq5,Mutant_S12K,AKLENIKTTIQKASL,0.08,-0.5,-0.42,Non-IL-5 Inducer
seq5,Mutant_S12L,AKLENIKTTIQLASL,0.08,-0.5,-0.42,Non-IL-5 Inducer
seq5,Mutant_S12M,AKLENIKTTIQMASL,0.11,-0.5,-0.39,Non-IL-5 Inducer
seq5,Mutant_S12N,AKLENIKTTIQNASL,0.12,-0.5,-0.38,Non-IL-5 Inducer
seq5,Mutant_S12P,AKLENIKTTIQPASL,0.12,-0.5,-0.38,Non-IL-5 Inducer
seq5,Mutant_S12Q,AKLENIKTTIQQASL,0.06,-0.5,-0.44,Non-IL-5 Inducer
seq5,Mutant_S12R,AKLENIKTTIQRASL,0.1,-0.5,-0.4,Non-IL-5 Inducer
seq5,Mutant_S12T,AKLENIKTTIQTASL,0.11,-0.5,-0.39,Non-IL-5 Inducer
seq5,Mutant_S12V,AKLENIKTTIQVASL,0.08,-0.5,-0.42,Non-IL-5 Inducer
seq5,Mutant_S12W,AKLENIKTTIQWASL,0.08,-0.5,-0.42,Non-IL-5 Inducer
seq5,Mutant_S12Y,AKLENIKTTIQYASL,0.1,-0.5,-0.4,Non-IL-5 Inducer
seq5,Mutant_A13C,AKLENIKTTIQSCSL,0.09,-0.5,-0.41,Non-IL-5 Inducer
seq5,Mutant_A13D,AKLENIKTTIQSDSL,0.15,-0.5,-0.35,Non-IL-5 Inducer
seq5,Mutant_A13E,AKLENIKTTIQSESL,0.09,-0.5,-0.41,Non-IL-5 Inducer
seq5,Mutant_A13F,AKLENIKTTIQSFSL,0.1,-0.5,-0.4,Non-IL-5 Inducer
seq5,Mutant_A13G,AKLENIKTTIQSGSL,0.12,-0.5,-0.38,Non-IL-5 Inducer
seq5,Mutant_A13H,AKLENIKTTIQSHSL,0.12,-0.5,-0.38,Non-IL-5 Inducer
seq5,Mutant_A13I,AKLENIKTTIQSISL,0.13,-0.5,-0.37,Non-IL-5 Inducer
seq5,Mutant_A13K,AKLENIKTTIQSKSL,0.09,-0.5,-0.41,Non-IL-5 Inducer
seq5,Mutant_A13L,AKLENIKTTIQSLSL,0.13,-0.5,-0.37,Non-IL-5 Inducer
seq5,Mutant_A13M,AKLENIKTTIQSMSL,0.12,-0.5,-0.38,Non-IL-5 Inducer
seq5,Mutant_A13N,AKLENIKTTIQSNSL,0.13,-0.5,-0.37,Non-IL-5 Inducer
seq5,Mutant_A13P,AKLENIKTTIQSPSL,0.08,-0.5,-0.42,Non-IL-5 Inducer
seq5,Mutant_A13Q,AKLENIKTTIQSQSL,0.11,-0.5,-0.39,Non-IL-5 Inducer
seq5,Mutant_A13R,AKLENIKTTIQSRSL,0.12,-0.5,-0.38,Non-IL-5 Inducer
seq5,Mutant_A13S,AKLENIKTTIQSSSL,0.1,-0.5,-0.4,Non-IL-5 Inducer
seq5,Mutant_A13T,AKLENIKTTIQSTSL,0.07,-0.5,-0.43,Non-IL-5 Inducer
seq5,Mutant_A13V,AKLENIKTTIQSVSL,0.09,-0.5,-0.41,Non-IL-5 Inducer
seq5,Mutant_A13W,AKLENIKTTIQSWSL,0.13,-0.5,-0.37,Non-IL-5 Inducer
seq5,Mutant_A13Y,AKLENIKTTIQSYSL,0.09,-0.5,-0.41,Non-IL-5 Inducer
seq5,Mutant_S14A,AKLENIKTTIQSAAL,0.07,-0.5,-0.43,Non-IL-5 Inducer
seq5,Mutant_S14C,AKLENIKTTIQSACL,0.09,-0.5,-0.41,Non-IL-5 Inducer
seq5,Mutant_S14D,AKLENIKTTIQSADL,0.07,-0.5,-0.43,Non-IL-5 Inducer
seq5,Mutant_S14E,AKLENIKTTIQSAEL,0.09,-0.5,-0.41,Non-IL-5 Inducer
seq5,Mutant_S14F,AKLENIKTTIQSAFL,0.11,-0.5,-0.39,Non-IL-5 Inducer
seq5,Mutant_S14G,AKLENIKTTIQSAGL,0.08,-0.5,-0.42,Non-IL-5 Inducer
seq5,Mutant_S14H,AKLENIKTTIQSAHL,0.11,-0.5,-0.39,Non-IL-5 Inducer
seq5,Mutant_S14I,AKLENIKTTIQSAIL,0.09,-0.5,-0.41,Non-IL-5 Inducer
seq5,Mutant_S14K,AKLENIKTTIQSAKL,0.1,-0.5,-0.4,Non-IL-5 Inducer
seq5,Mutant_S14L,AKLENIKTTIQSALL,0.1,-0.5,-0.4,Non-IL-5 Inducer
seq5,Mutant_S14M,AKLENIKTTIQSAML,0.08,-0.5,-0.42,Non-IL-5 Inducer
seq5,Mutant_S14N,AKLENIKTTIQSANL,0.09,-0.5,-0.41,Non-IL-5 Inducer
seq5,Mutant_S14P,AKLENIKTTIQSAPL,0.1,-0.5,-0.4,Non-IL-5 Inducer
seq5,Mutant_S14Q,AKLENIKTTIQSAQL,0.07,-0.5,-0.43,Non-IL-5 Inducer
seq5,Mutant_S14R,AKLENIKTTIQSARL,0.09,-0.5,-0.41,Non-IL-5 Inducer
seq5,Mutant_S14T,AKLENIKTTIQSATL,0.09,-0.5,-0.41,Non-IL-5 Inducer
seq5,Mutant_S14V,AKLENIKTTIQSAVL,0.09,-0.5,-0.41,Non-IL-5 Inducer
seq5,Mutant_S14W,AKLENIKTTIQSAWL,0.11,-0.5,-0.39,Non-IL-5 Inducer
seq5,Mutant_S14Y,AKLENIKTTIQSAYL,0.1,-0.5,-0.4,Non-IL-5 Inducer
seq5,Mutant_L15A,AKLENIKTTIQSASA,0.05,-0.5,-0.45,Non-IL-5 Inducer
seq5,Mutant_L15C,AKLENIKTTIQSASC,0.07,-0.5,-0.43,Non-IL-5 Inducer
seq5,Mutant_L15D,AKLENIKTTIQSASD,0.1,-0.5,-0.4,Non-IL-5 Inducer
seq5,Mutant_L15E,AKLENIKTTIQSASE,0.05,-0.5,-0.45,Non-IL-5 Inducer
seq5,Mutant_L15F,AKLENIKTTIQSASF,0.06,-0.5,-0.44,Non-IL-5 Inducer
seq5,Mutant_L15G,AKLENIKTTIQSASG,0.06,-0.5,-0.44,Non-IL-5 Inducer
seq5,Mutant_L15H,AKLENIKTTIQSASH,0.06,-0.5,-0.44,Non-IL-5 Inducer
seq5,Mutant_L15I,AKLENIKTTIQSASI,0.09,-0.5,-0.41,Non-IL-5 Inducer
seq5,Mutant_L15K,AKLENIKTTIQSASK,0.05,-0.5,-0.45,Non-IL-5 Inducer
seq5,Mutant_L15M,AKLENIKTTIQSASM,0.07,-0.5,-0.43,Non-IL-5 Inducer
seq5,Mutant_L15N,AKLENIKTTIQSASN,0.06,-0.5,-0.44,Non-IL-5 Inducer
seq5,Mutant_L15P,AKLENIKTTIQSASP,0.05,-0.5,-0.45,Non-IL-5 Inducer
seq5,Mutant_L15Q,AKLENIKTTIQSASQ,0.06,-0.5,-0.44,Non-IL-5 Inducer
seq5,Mutant_L15R,AKLENIKTTIQSASR,0.07,-0.5,-0.43,Non-IL-5 Inducer
seq5,Mutant_L15S,AKLENIKTTIQSASS,0.06,-0.5,-0.44,Non-IL-5 Inducer
seq5,Mutant_L15T,AKLENIKTTIQSAST,0.05,-0.5,-0.45,Non-IL-5 Inducer
seq5,Mutant_L15V,AKLENIKTTIQSASV,0.06,-0.5,-0.44,Non-IL-5 Inducer
seq5,Mutant_L15W,AKLENIKTTIQSASW,0.05,-0.5,-0.45,Non-IL-5 Inducer
seq5,Mutant_L15Y,AKLENIKTTIQSASY,0.06,-0.5,-0.44,Non-IL-5 Inducer
